k,cluster,var
2,1,y
2,1,x_001
2,1,x_002
2,1,x_003
2,1,x_004
2,1,x_005
2,1,x_006
2,1,x_007
2,1,x_008
2,1,x_009
2,1,x_010
2,1,x_011
2,1,x_012
2,1,x_013
2,1,x_014
2,1,x_015
2,1,x_016
2,1,x_017
2,1,x_018
2,1,x_019
2,1,x_020
2,1,x_021
2,1,x_022
2,1,x_023
2,1,x_024
2,1,x_025
2,1,x_026
2,1,x_027
2,1,x_028
2,1,x_029
2,1,x_030
2,1,x_031
2,1,x_032
2,1,x_033
2,1,x_034
2,1,x_035
2,1,x_036
2,1,x_037
2,1,x_038
2,1,x_039
2,1,x_040
2,1,x_041
2,1,x_042
2,1,x_043
2,1,x_044
2,2,x_045
2,1,x_046
2,1,x_047
2,1,x_048
2,1,x_049
2,1,x_050
2,1,x_051
2,1,x_052
2,1,x_053
2,1,x_054
2,1,x_055
2,1,x_056
2,1,x_057
2,1,x_058
2,2,x_059
2,1,x_060
2,1,x_061
2,1,x_062
2,1,x_063
2,1,x_064
2,1,x_065
2,1,x_066
2,1,x_067
2,1,x_068
2,1,x_069
2,1,x_070
2,1,x_071
2,1,x_072
2,1,x_073
2,1,x_074
2,1,x_075
2,1,x_076
2,1,x_077
2,2,x_078
2,1,x_079
2,1,x_080
2,1,x_081
2,1,x_082
2,1,x_083
2,1,x_084
2,1,x_085
2,1,x_086
2,1,x_087
2,1,x_088
2,1,x_089
2,1,x_090
2,1,x_091
2,1,x_092
2,1,x_093
2,1,x_094
2,1,x_095
2,1,x_096
2,1,x_097
2,1,x_098
2,1,x_099
2,1,x_100
2,1,x_101
2,1,x_102
2,1,x_103
2,1,x_104
2,1,x_105
2,1,x_106
2,1,x_107
2,1,x_108
2,1,x_109
2,1,x_110
2,1,x_111
2,1,x_112
2,1,x_113
2,1,x_114
2,1,x_115
2,1,x_116
2,1,x_117
2,1,x_118
2,1,x_119
2,1,x_120
2,1,x_121
2,1,x_122
2,1,x_123
2,1,x_124
2,2,x_125
2,1,x_126
2,1,x_127
2,1,x_128
2,1,x_129
2,1,x_130
2,1,x_131
2,1,x_132
2,1,x_133
2,1,x_134
2,1,x_135
2,1,x_136
2,1,x_137
2,1,x_138
2,1,x_139
2,1,x_140
2,1,x_141
2,1,x_142
2,1,x_143
2,1,x_144
2,1,x_145
2,1,x_146
2,1,x_147
2,1,x_148
2,1,x_149
2,1,x_150
2,1,x_151
2,1,x_152
2,1,x_153
2,1,x_154
2,1,x_155
2,1,x_156
2,1,x_157
2,1,x_158
2,1,x_159
2,1,x_160
2,1,x_161
2,1,x_162
2,1,x_163
2,1,x_164
2,1,x_165
2,1,x_166
2,1,x_167
2,1,x_168
2,1,x_169
2,1,x_170
2,1,x_171
2,1,x_172
2,1,x_173
2,1,x_174
2,1,x_175
2,1,x_176
2,1,x_177
2,1,x_178
2,1,x_179
2,1,x_180
2,1,x_181
2,1,x_182
2,1,x_183
2,1,x_184
2,1,x_185
2,1,x_186
2,1,x_187
2,1,x_188
2,1,x_189
2,1,x_190
2,1,x_191
2,1,x_192
2,1,x_193
2,1,x_194
2,1,x_195
2,1,x_196
2,1,x_197
2,1,x_198
2,1,x_199
3,1,y
3,1,x_001
3,1,x_002
3,1,x_003
3,1,x_004
3,1,x_005
3,1,x_006
3,1,x_007
3,1,x_008
3,1,x_009
3,1,x_010
3,1,x_011
3,1,x_012
3,1,x_013
3,1,x_014
3,1,x_015
3,1,x_016
3,1,x_017
3,1,x_018
3,1,x_019
3,1,x_020
3,1,x_021
3,1,x_022
3,1,x_023
3,1,x_024
3,1,x_025
3,1,x_026
3,1,x_027
3,1,x_028
3,1,x_029
3,1,x_030
3,1,x_031
3,1,x_032
3,1,x_033
3,1,x_034
3,1,x_035
3,1,x_036
3,1,x_037
3,1,x_038
3,1,x_039
3,1,x_040
3,1,x_041
3,1,x_042
3,1,x_043
3,1,x_044
3,2,x_045
3,3,x_046
3,1,x_047
3,1,x_048
3,1,x_049
3,1,x_050
3,1,x_051
3,1,x_052
3,1,x_053
3,1,x_054
3,1,x_055
3,1,x_056
3,1,x_057
3,1,x_058
3,2,x_059
3,3,x_060
3,1,x_061
3,1,x_062
3,1,x_063
3,1,x_064
3,1,x_065
3,1,x_066
3,1,x_067
3,1,x_068
3,1,x_069
3,1,x_070
3,1,x_071
3,1,x_072
3,1,x_073
3,1,x_074
3,1,x_075
3,1,x_076
3,1,x_077
3,2,x_078
3,3,x_079
3,1,x_080
3,1,x_081
3,1,x_082
3,1,x_083
3,1,x_084
3,3,x_085
3,3,x_086
3,3,x_087
3,1,x_088
3,1,x_089
3,1,x_090
3,1,x_091
3,1,x_092
3,1,x_093
3,1,x_094
3,1,x_095
3,1,x_096
3,1,x_097
3,1,x_098
3,1,x_099
3,1,x_100
3,1,x_101
3,1,x_102
3,1,x_103
3,1,x_104
3,1,x_105
3,1,x_106
3,1,x_107
3,1,x_108
3,1,x_109
3,1,x_110
3,1,x_111
3,1,x_112
3,1,x_113
3,1,x_114
3,1,x_115
3,1,x_116
3,1,x_117
3,1,x_118
3,1,x_119
3,1,x_120
3,1,x_121
3,1,x_122
3,1,x_123
3,1,x_124
3,2,x_125
3,3,x_126
3,1,x_127
3,1,x_128
3,1,x_129
3,1,x_130
3,1,x_131
3,1,x_132
3,1,x_133
3,1,x_134
3,1,x_135
3,1,x_136
3,1,x_137
3,1,x_138
3,1,x_139
3,1,x_140
3,1,x_141
3,1,x_142
3,1,x_143
3,1,x_144
3,1,x_145
3,1,x_146
3,1,x_147
3,1,x_148
3,1,x_149
3,1,x_150
3,1,x_151
3,1,x_152
3,1,x_153
3,1,x_154
3,1,x_155
3,1,x_156
3,1,x_157
3,1,x_158
3,1,x_159
3,1,x_160
3,1,x_161
3,1,x_162
3,1,x_163
3,1,x_164
3,1,x_165
3,1,x_166
3,1,x_167
3,1,x_168
3,1,x_169
3,1,x_170
3,1,x_171
3,1,x_172
3,1,x_173
3,1,x_174
3,1,x_175
3,1,x_176
3,1,x_177
3,1,x_178
3,1,x_179
3,1,x_180
3,1,x_181
3,1,x_182
3,1,x_183
3,1,x_184
3,1,x_185
3,1,x_186
3,1,x_187
3,1,x_188
3,1,x_189
3,1,x_190
3,1,x_191
3,1,x_192
3,1,x_193
3,1,x_194
3,1,x_195
3,1,x_196
3,1,x_197
3,1,x_198
3,1,x_199
4,1,y
4,1,x_001
4,1,x_002
4,1,x_003
4,1,x_004
4,1,x_005
4,1,x_006
4,1,x_007
4,1,x_008
4,1,x_009
4,1,x_010
4,1,x_011
4,1,x_012
4,1,x_013
4,1,x_014
4,1,x_015
4,1,x_016
4,1,x_017
4,1,x_018
4,1,x_019
4,1,x_020
4,1,x_021
4,1,x_022
4,1,x_023
4,1,x_024
4,1,x_025
4,1,x_026
4,1,x_027
4,1,x_028
4,1,x_029
4,1,x_030
4,1,x_031
4,1,x_032
4,1,x_033
4,1,x_034
4,1,x_035
4,1,x_036
4,1,x_037
4,1,x_038
4,1,x_039
4,1,x_040
4,1,x_041
4,1,x_042
4,1,x_043
4,1,x_044
4,2,x_045
4,3,x_046
4,1,x_047
4,1,x_048
4,1,x_049
4,1,x_050
4,1,x_051
4,1,x_052
4,1,x_053
4,1,x_054
4,1,x_055
4,1,x_056
4,1,x_057
4,1,x_058
4,2,x_059
4,3,x_060
4,1,x_061
4,1,x_062
4,1,x_063
4,1,x_064
4,1,x_065
4,1,x_066
4,1,x_067
4,1,x_068
4,1,x_069
4,1,x_070
4,1,x_071
4,1,x_072
4,1,x_073
4,1,x_074
4,1,x_075
4,1,x_076
4,1,x_077
4,2,x_078
4,3,x_079
4,1,x_080
4,1,x_081
4,1,x_082
4,1,x_083
4,1,x_084
4,4,x_085
4,4,x_086
4,4,x_087
4,1,x_088
4,1,x_089
4,1,x_090
4,1,x_091
4,1,x_092
4,1,x_093
4,1,x_094
4,1,x_095
4,1,x_096
4,1,x_097
4,1,x_098
4,1,x_099
4,1,x_100
4,1,x_101
4,1,x_102
4,1,x_103
4,1,x_104
4,1,x_105
4,1,x_106
4,1,x_107
4,1,x_108
4,1,x_109
4,1,x_110
4,1,x_111
4,1,x_112
4,1,x_113
4,1,x_114
4,1,x_115
4,1,x_116
4,1,x_117
4,1,x_118
4,1,x_119
4,1,x_120
4,1,x_121
4,1,x_122
4,1,x_123
4,1,x_124
4,2,x_125
4,3,x_126
4,1,x_127
4,1,x_128
4,1,x_129
4,1,x_130
4,1,x_131
4,1,x_132
4,1,x_133
4,1,x_134
4,1,x_135
4,1,x_136
4,1,x_137
4,1,x_138
4,1,x_139
4,1,x_140
4,1,x_141
4,1,x_142
4,1,x_143
4,1,x_144
4,1,x_145
4,1,x_146
4,1,x_147
4,1,x_148
4,1,x_149
4,1,x_150
4,1,x_151
4,1,x_152
4,1,x_153
4,1,x_154
4,1,x_155
4,1,x_156
4,1,x_157
4,1,x_158
4,1,x_159
4,1,x_160
4,1,x_161
4,1,x_162
4,1,x_163
4,1,x_164
4,1,x_165
4,1,x_166
4,1,x_167
4,1,x_168
4,1,x_169
4,1,x_170
4,1,x_171
4,1,x_172
4,1,x_173
4,1,x_174
4,1,x_175
4,1,x_176
4,1,x_177
4,1,x_178
4,1,x_179
4,1,x_180
4,1,x_181
4,1,x_182
4,1,x_183
4,1,x_184
4,1,x_185
4,1,x_186
4,1,x_187
4,1,x_188
4,1,x_189
4,1,x_190
4,1,x_191
4,1,x_192
4,1,x_193
4,1,x_194
4,1,x_195
4,1,x_196
4,1,x_197
4,1,x_198
4,1,x_199
5,1,y
5,1,x_001
5,1,x_002
5,1,x_003
5,1,x_004
5,1,x_005
5,1,x_006
5,1,x_007
5,1,x_008
5,1,x_009
5,1,x_010
5,1,x_011
5,1,x_012
5,1,x_013
5,1,x_014
5,1,x_015
5,1,x_016
5,1,x_017
5,1,x_018
5,1,x_019
5,1,x_020
5,1,x_021
5,1,x_022
5,1,x_023
5,1,x_024
5,1,x_025
5,1,x_026
5,1,x_027
5,1,x_028
5,1,x_029
5,1,x_030
5,1,x_031
5,1,x_032
5,1,x_033
5,1,x_034
5,1,x_035
5,1,x_036
5,1,x_037
5,1,x_038
5,1,x_039
5,1,x_040
5,1,x_041
5,1,x_042
5,1,x_043
5,1,x_044
5,2,x_045
5,3,x_046
5,1,x_047
5,1,x_048
5,1,x_049
5,1,x_050
5,1,x_051
5,1,x_052
5,1,x_053
5,1,x_054
5,1,x_055
5,1,x_056
5,1,x_057
5,1,x_058
5,2,x_059
5,3,x_060
5,1,x_061
5,1,x_062
5,1,x_063
5,1,x_064
5,1,x_065
5,1,x_066
5,1,x_067
5,1,x_068
5,1,x_069
5,1,x_070
5,1,x_071
5,1,x_072
5,1,x_073
5,1,x_074
5,1,x_075
5,1,x_076
5,1,x_077
5,2,x_078
5,3,x_079
5,1,x_080
5,1,x_081
5,1,x_082
5,1,x_083
5,1,x_084
5,4,x_085
5,4,x_086
5,4,x_087
5,1,x_088
5,1,x_089
5,1,x_090
5,1,x_091
5,1,x_092
5,1,x_093
5,1,x_094
5,1,x_095
5,1,x_096
5,1,x_097
5,1,x_098
5,1,x_099
5,1,x_100
5,1,x_101
5,1,x_102
5,1,x_103
5,1,x_104
5,1,x_105
5,1,x_106
5,1,x_107
5,1,x_108
5,1,x_109
5,1,x_110
5,1,x_111
5,1,x_112
5,1,x_113
5,1,x_114
5,1,x_115
5,1,x_116
5,1,x_117
5,1,x_118
5,1,x_119
5,1,x_120
5,1,x_121
5,1,x_122
5,1,x_123
5,1,x_124
5,2,x_125
5,3,x_126
5,1,x_127
5,1,x_128
5,1,x_129
5,1,x_130
5,1,x_131
5,1,x_132
5,1,x_133
5,1,x_134
5,1,x_135
5,1,x_136
5,1,x_137
5,5,x_138
5,1,x_139
5,1,x_140
5,1,x_141
5,1,x_142
5,5,x_143
5,1,x_144
5,1,x_145
5,1,x_146
5,1,x_147
5,1,x_148
5,1,x_149
5,1,x_150
5,1,x_151
5,1,x_152
5,1,x_153
5,1,x_154
5,1,x_155
5,1,x_156
5,1,x_157
5,1,x_158
5,1,x_159
5,1,x_160
5,1,x_161
5,1,x_162
5,1,x_163
5,1,x_164
5,1,x_165
5,1,x_166
5,1,x_167
5,1,x_168
5,1,x_169
5,1,x_170
5,1,x_171
5,5,x_172
5,1,x_173
5,1,x_174
5,1,x_175
5,1,x_176
5,1,x_177
5,1,x_178
5,1,x_179
5,1,x_180
5,1,x_181
5,1,x_182
5,1,x_183
5,1,x_184
5,5,x_185
5,1,x_186
5,1,x_187
5,1,x_188
5,1,x_189
5,1,x_190
5,1,x_191
5,1,x_192
5,1,x_193
5,1,x_194
5,1,x_195
5,1,x_196
5,1,x_197
5,1,x_198
5,1,x_199
6,1,y
6,1,x_001
6,1,x_002
6,1,x_003
6,1,x_004
6,1,x_005
6,1,x_006
6,1,x_007
6,1,x_008
6,1,x_009
6,1,x_010
6,1,x_011
6,1,x_012
6,1,x_013
6,1,x_014
6,1,x_015
6,1,x_016
6,1,x_017
6,1,x_018
6,1,x_019
6,1,x_020
6,1,x_021
6,1,x_022
6,1,x_023
6,1,x_024
6,1,x_025
6,1,x_026
6,1,x_027
6,1,x_028
6,1,x_029
6,1,x_030
6,1,x_031
6,1,x_032
6,1,x_033
6,1,x_034
6,1,x_035
6,1,x_036
6,1,x_037
6,1,x_038
6,1,x_039
6,1,x_040
6,1,x_041
6,1,x_042
6,1,x_043
6,1,x_044
6,2,x_045
6,3,x_046
6,1,x_047
6,1,x_048
6,1,x_049
6,1,x_050
6,1,x_051
6,1,x_052
6,1,x_053
6,1,x_054
6,1,x_055
6,1,x_056
6,1,x_057
6,1,x_058
6,2,x_059
6,3,x_060
6,1,x_061
6,1,x_062
6,1,x_063
6,1,x_064
6,1,x_065
6,1,x_066
6,1,x_067
6,1,x_068
6,1,x_069
6,1,x_070
6,1,x_071
6,1,x_072
6,1,x_073
6,1,x_074
6,1,x_075
6,1,x_076
6,1,x_077
6,2,x_078
6,3,x_079
6,1,x_080
6,1,x_081
6,1,x_082
6,1,x_083
6,1,x_084
6,4,x_085
6,4,x_086
6,4,x_087
6,1,x_088
6,1,x_089
6,1,x_090
6,1,x_091
6,1,x_092
6,1,x_093
6,1,x_094
6,1,x_095
6,1,x_096
6,1,x_097
6,1,x_098
6,1,x_099
6,1,x_100
6,1,x_101
6,1,x_102
6,1,x_103
6,1,x_104
6,1,x_105
6,1,x_106
6,1,x_107
6,1,x_108
6,1,x_109
6,1,x_110
6,1,x_111
6,1,x_112
6,1,x_113
6,1,x_114
6,1,x_115
6,1,x_116
6,1,x_117
6,1,x_118
6,1,x_119
6,1,x_120
6,1,x_121
6,1,x_122
6,1,x_123
6,1,x_124
6,2,x_125
6,3,x_126
6,1,x_127
6,1,x_128
6,1,x_129
6,1,x_130
6,1,x_131
6,1,x_132
6,1,x_133
6,1,x_134
6,1,x_135
6,1,x_136
6,1,x_137
6,5,x_138
6,1,x_139
6,1,x_140
6,1,x_141
6,1,x_142
6,6,x_143
6,1,x_144
6,1,x_145
6,1,x_146
6,1,x_147
6,1,x_148
6,1,x_149
6,1,x_150
6,1,x_151
6,1,x_152
6,1,x_153
6,1,x_154
6,1,x_155
6,1,x_156
6,1,x_157
6,1,x_158
6,1,x_159
6,1,x_160
6,1,x_161
6,1,x_162
6,1,x_163
6,1,x_164
6,1,x_165
6,1,x_166
6,1,x_167
6,1,x_168
6,1,x_169
6,1,x_170
6,1,x_171
6,5,x_172
6,1,x_173
6,1,x_174
6,1,x_175
6,1,x_176
6,1,x_177
6,1,x_178
6,1,x_179
6,1,x_180
6,1,x_181
6,1,x_182
6,1,x_183
6,1,x_184
6,5,x_185
6,1,x_186
6,1,x_187
6,1,x_188
6,1,x_189
6,1,x_190
6,1,x_191
6,1,x_192
6,1,x_193
6,1,x_194
6,1,x_195
6,1,x_196
6,1,x_197
6,1,x_198
6,1,x_199
7,1,y
7,1,x_001
7,1,x_002
7,1,x_003
7,1,x_004
7,1,x_005
7,1,x_006
7,1,x_007
7,1,x_008
7,1,x_009
7,1,x_010
7,1,x_011
7,1,x_012
7,1,x_013
7,1,x_014
7,1,x_015
7,1,x_016
7,1,x_017
7,1,x_018
7,1,x_019
7,1,x_020
7,1,x_021
7,1,x_022
7,1,x_023
7,1,x_024
7,1,x_025
7,1,x_026
7,1,x_027
7,1,x_028
7,1,x_029
7,1,x_030
7,1,x_031
7,1,x_032
7,1,x_033
7,1,x_034
7,1,x_035
7,1,x_036
7,1,x_037
7,1,x_038
7,1,x_039
7,1,x_040
7,1,x_041
7,1,x_042
7,1,x_043
7,1,x_044
7,2,x_045
7,3,x_046
7,1,x_047
7,1,x_048
7,1,x_049
7,1,x_050
7,1,x_051
7,1,x_052
7,1,x_053
7,1,x_054
7,1,x_055
7,1,x_056
7,1,x_057
7,1,x_058
7,2,x_059
7,3,x_060
7,1,x_061
7,1,x_062
7,1,x_063
7,1,x_064
7,1,x_065
7,1,x_066
7,1,x_067
7,1,x_068
7,1,x_069
7,1,x_070
7,1,x_071
7,1,x_072
7,1,x_073
7,1,x_074
7,1,x_075
7,1,x_076
7,1,x_077
7,4,x_078
7,3,x_079
7,1,x_080
7,1,x_081
7,1,x_082
7,1,x_083
7,1,x_084
7,5,x_085
7,5,x_086
7,5,x_087
7,1,x_088
7,1,x_089
7,1,x_090
7,1,x_091
7,1,x_092
7,1,x_093
7,1,x_094
7,1,x_095
7,1,x_096
7,1,x_097
7,1,x_098
7,1,x_099
7,1,x_100
7,1,x_101
7,1,x_102
7,1,x_103
7,1,x_104
7,1,x_105
7,1,x_106
7,1,x_107
7,1,x_108
7,1,x_109
7,1,x_110
7,1,x_111
7,1,x_112
7,1,x_113
7,1,x_114
7,1,x_115
7,1,x_116
7,1,x_117
7,1,x_118
7,1,x_119
7,1,x_120
7,1,x_121
7,1,x_122
7,1,x_123
7,1,x_124
7,4,x_125
7,3,x_126
7,1,x_127
7,1,x_128
7,1,x_129
7,1,x_130
7,1,x_131
7,1,x_132
7,1,x_133
7,1,x_134
7,1,x_135
7,1,x_136
7,1,x_137
7,6,x_138
7,1,x_139
7,1,x_140
7,1,x_141
7,1,x_142
7,7,x_143
7,1,x_144
7,1,x_145
7,1,x_146
7,1,x_147
7,1,x_148
7,1,x_149
7,1,x_150
7,1,x_151
7,1,x_152
7,1,x_153
7,1,x_154
7,1,x_155
7,1,x_156
7,1,x_157
7,1,x_158
7,1,x_159
7,1,x_160
7,1,x_161
7,1,x_162
7,1,x_163
7,1,x_164
7,1,x_165
7,1,x_166
7,1,x_167
7,1,x_168
7,1,x_169
7,1,x_170
7,1,x_171
7,6,x_172
7,1,x_173
7,1,x_174
7,1,x_175
7,1,x_176
7,1,x_177
7,1,x_178
7,1,x_179
7,1,x_180
7,1,x_181
7,1,x_182
7,1,x_183
7,1,x_184
7,6,x_185
7,1,x_186
7,1,x_187
7,1,x_188
7,1,x_189
7,1,x_190
7,1,x_191
7,1,x_192
7,1,x_193
7,1,x_194
7,1,x_195
7,1,x_196
7,1,x_197
7,1,x_198
7,1,x_199
8,1,y
8,1,x_001
8,1,x_002
8,1,x_003
8,1,x_004
8,1,x_005
8,1,x_006
8,1,x_007
8,1,x_008
8,1,x_009
8,1,x_010
8,1,x_011
8,1,x_012
8,1,x_013
8,1,x_014
8,1,x_015
8,1,x_016
8,1,x_017
8,1,x_018
8,1,x_019
8,1,x_020
8,1,x_021
8,1,x_022
8,1,x_023
8,1,x_024
8,1,x_025
8,1,x_026
8,1,x_027
8,1,x_028
8,1,x_029
8,1,x_030
8,1,x_031
8,1,x_032
8,1,x_033
8,1,x_034
8,1,x_035
8,1,x_036
8,1,x_037
8,1,x_038
8,1,x_039
8,1,x_040
8,1,x_041
8,1,x_042
8,1,x_043
8,1,x_044
8,2,x_045
8,3,x_046
8,1,x_047
8,1,x_048
8,1,x_049
8,1,x_050
8,1,x_051
8,1,x_052
8,1,x_053
8,1,x_054
8,1,x_055
8,1,x_056
8,1,x_057
8,1,x_058
8,2,x_059
8,3,x_060
8,1,x_061
8,1,x_062
8,1,x_063
8,1,x_064
8,1,x_065
8,1,x_066
8,1,x_067
8,1,x_068
8,1,x_069
8,1,x_070
8,1,x_071
8,1,x_072
8,1,x_073
8,1,x_074
8,1,x_075
8,1,x_076
8,1,x_077
8,4,x_078
8,3,x_079
8,1,x_080
8,1,x_081
8,1,x_082
8,1,x_083
8,1,x_084
8,5,x_085
8,5,x_086
8,5,x_087
8,1,x_088
8,1,x_089
8,1,x_090
8,1,x_091
8,1,x_092
8,1,x_093
8,1,x_094
8,1,x_095
8,1,x_096
8,1,x_097
8,1,x_098
8,1,x_099
8,1,x_100
8,1,x_101
8,1,x_102
8,1,x_103
8,1,x_104
8,1,x_105
8,1,x_106
8,1,x_107
8,1,x_108
8,1,x_109
8,1,x_110
8,1,x_111
8,1,x_112
8,1,x_113
8,1,x_114
8,1,x_115
8,1,x_116
8,1,x_117
8,1,x_118
8,1,x_119
8,1,x_120
8,1,x_121
8,1,x_122
8,1,x_123
8,1,x_124
8,4,x_125
8,3,x_126
8,1,x_127
8,1,x_128
8,1,x_129
8,1,x_130
8,1,x_131
8,1,x_132
8,1,x_133
8,1,x_134
8,1,x_135
8,1,x_136
8,1,x_137
8,6,x_138
8,1,x_139
8,1,x_140
8,1,x_141
8,1,x_142
8,7,x_143
8,1,x_144
8,1,x_145
8,1,x_146
8,1,x_147
8,1,x_148
8,1,x_149
8,1,x_150
8,1,x_151
8,1,x_152
8,1,x_153
8,1,x_154
8,1,x_155
8,1,x_156
8,1,x_157
8,1,x_158
8,1,x_159
8,1,x_160
8,1,x_161
8,1,x_162
8,1,x_163
8,1,x_164
8,1,x_165
8,1,x_166
8,1,x_167
8,1,x_168
8,1,x_169
8,1,x_170
8,1,x_171
8,6,x_172
8,1,x_173
8,1,x_174
8,1,x_175
8,1,x_176
8,1,x_177
8,1,x_178
8,1,x_179
8,1,x_180
8,1,x_181
8,1,x_182
8,1,x_183
8,1,x_184
8,8,x_185
8,1,x_186
8,1,x_187
8,1,x_188
8,1,x_189
8,1,x_190
8,1,x_191
8,1,x_192
8,1,x_193
8,1,x_194
8,1,x_195
8,1,x_196
8,1,x_197
8,1,x_198
8,1,x_199
9,1,y
9,1,x_001
9,1,x_002
9,1,x_003
9,1,x_004
9,1,x_005
9,1,x_006
9,1,x_007
9,1,x_008
9,1,x_009
9,1,x_010
9,1,x_011
9,1,x_012
9,1,x_013
9,1,x_014
9,1,x_015
9,1,x_016
9,1,x_017
9,1,x_018
9,1,x_019
9,1,x_020
9,1,x_021
9,1,x_022
9,1,x_023
9,1,x_024
9,1,x_025
9,1,x_026
9,1,x_027
9,1,x_028
9,1,x_029
9,1,x_030
9,1,x_031
9,1,x_032
9,1,x_033
9,1,x_034
9,1,x_035
9,1,x_036
9,1,x_037
9,1,x_038
9,1,x_039
9,1,x_040
9,1,x_041
9,1,x_042
9,1,x_043
9,1,x_044
9,2,x_045
9,3,x_046
9,1,x_047
9,1,x_048
9,1,x_049
9,1,x_050
9,1,x_051
9,1,x_052
9,1,x_053
9,1,x_054
9,1,x_055
9,1,x_056
9,1,x_057
9,1,x_058
9,2,x_059
9,3,x_060
9,1,x_061
9,1,x_062
9,1,x_063
9,1,x_064
9,1,x_065
9,1,x_066
9,1,x_067
9,1,x_068
9,1,x_069
9,1,x_070
9,1,x_071
9,1,x_072
9,1,x_073
9,1,x_074
9,1,x_075
9,1,x_076
9,1,x_077
9,4,x_078
9,3,x_079
9,1,x_080
9,1,x_081
9,1,x_082
9,1,x_083
9,1,x_084
9,5,x_085
9,6,x_086
9,6,x_087
9,1,x_088
9,1,x_089
9,1,x_090
9,1,x_091
9,1,x_092
9,1,x_093
9,1,x_094
9,1,x_095
9,1,x_096
9,1,x_097
9,1,x_098
9,1,x_099
9,1,x_100
9,1,x_101
9,1,x_102
9,1,x_103
9,1,x_104
9,1,x_105
9,1,x_106
9,1,x_107
9,1,x_108
9,1,x_109
9,1,x_110
9,1,x_111
9,1,x_112
9,1,x_113
9,1,x_114
9,1,x_115
9,1,x_116
9,1,x_117
9,1,x_118
9,1,x_119
9,1,x_120
9,1,x_121
9,1,x_122
9,1,x_123
9,1,x_124
9,4,x_125
9,3,x_126
9,1,x_127
9,1,x_128
9,1,x_129
9,1,x_130
9,1,x_131
9,1,x_132
9,1,x_133
9,1,x_134
9,1,x_135
9,1,x_136
9,1,x_137
9,7,x_138
9,1,x_139
9,1,x_140
9,1,x_141
9,1,x_142
9,8,x_143
9,1,x_144
9,1,x_145
9,1,x_146
9,1,x_147
9,1,x_148
9,1,x_149
9,1,x_150
9,1,x_151
9,1,x_152
9,1,x_153
9,1,x_154
9,1,x_155
9,1,x_156
9,1,x_157
9,1,x_158
9,1,x_159
9,1,x_160
9,1,x_161
9,1,x_162
9,1,x_163
9,1,x_164
9,1,x_165
9,1,x_166
9,1,x_167
9,1,x_168
9,1,x_169
9,1,x_170
9,1,x_171
9,7,x_172
9,1,x_173
9,1,x_174
9,1,x_175
9,1,x_176
9,1,x_177
9,1,x_178
9,1,x_179
9,1,x_180
9,1,x_181
9,1,x_182
9,1,x_183
9,1,x_184
9,9,x_185
9,1,x_186
9,1,x_187
9,1,x_188
9,1,x_189
9,1,x_190
9,1,x_191
9,1,x_192
9,1,x_193
9,1,x_194
9,1,x_195
9,1,x_196
9,1,x_197
9,1,x_198
9,1,x_199
10,1,y
10,1,x_001
10,1,x_002
10,1,x_003
10,1,x_004
10,1,x_005
10,1,x_006
10,1,x_007
10,1,x_008
10,1,x_009
10,1,x_010
10,1,x_011
10,1,x_012
10,1,x_013
10,1,x_014
10,1,x_015
10,1,x_016
10,1,x_017
10,1,x_018
10,1,x_019
10,1,x_020
10,1,x_021
10,1,x_022
10,1,x_023
10,1,x_024
10,1,x_025
10,1,x_026
10,1,x_027
10,1,x_028
10,1,x_029
10,1,x_030
10,1,x_031
10,1,x_032
10,1,x_033
10,1,x_034
10,1,x_035
10,1,x_036
10,1,x_037
10,1,x_038
10,1,x_039
10,1,x_040
10,1,x_041
10,1,x_042
10,1,x_043
10,1,x_044
10,2,x_045
10,3,x_046
10,1,x_047
10,1,x_048
10,1,x_049
10,1,x_050
10,1,x_051
10,1,x_052
10,1,x_053
10,1,x_054
10,1,x_055
10,1,x_056
10,1,x_057
10,1,x_058
10,2,x_059
10,4,x_060
10,1,x_061
10,1,x_062
10,1,x_063
10,1,x_064
10,1,x_065
10,1,x_066
10,1,x_067
10,1,x_068
10,1,x_069
10,1,x_070
10,1,x_071
10,1,x_072
10,1,x_073
10,1,x_074
10,1,x_075
10,1,x_076
10,1,x_077
10,5,x_078
10,4,x_079
10,1,x_080
10,1,x_081
10,1,x_082
10,1,x_083
10,1,x_084
10,6,x_085
10,7,x_086
10,7,x_087
10,1,x_088
10,1,x_089
10,1,x_090
10,1,x_091
10,1,x_092
10,1,x_093
10,1,x_094
10,1,x_095
10,1,x_096
10,1,x_097
10,1,x_098
10,1,x_099
10,1,x_100
10,1,x_101
10,1,x_102
10,1,x_103
10,1,x_104
10,1,x_105
10,1,x_106
10,1,x_107
10,1,x_108
10,1,x_109
10,1,x_110
10,1,x_111
10,1,x_112
10,1,x_113
10,1,x_114
10,1,x_115
10,1,x_116
10,1,x_117
10,1,x_118
10,1,x_119
10,1,x_120
10,1,x_121
10,1,x_122
10,1,x_123
10,1,x_124
10,5,x_125
10,4,x_126
10,1,x_127
10,1,x_128
10,1,x_129
10,1,x_130
10,1,x_131
10,1,x_132
10,1,x_133
10,1,x_134
10,1,x_135
10,1,x_136
10,1,x_137
10,8,x_138
10,1,x_139
10,1,x_140
10,1,x_141
10,1,x_142
10,9,x_143
10,1,x_144
10,1,x_145
10,1,x_146
10,1,x_147
10,1,x_148
10,1,x_149
10,1,x_150
10,1,x_151
10,1,x_152
10,1,x_153
10,1,x_154
10,1,x_155
10,1,x_156
10,1,x_157
10,1,x_158
10,1,x_159
10,1,x_160
10,1,x_161
10,1,x_162
10,1,x_163
10,1,x_164
10,1,x_165
10,1,x_166
10,1,x_167
10,1,x_168
10,1,x_169
10,1,x_170
10,1,x_171
10,8,x_172
10,1,x_173
10,1,x_174
10,1,x_175
10,1,x_176
10,1,x_177
10,1,x_178
10,1,x_179
10,1,x_180
10,1,x_181
10,1,x_182
10,1,x_183
10,1,x_184
10,10,x_185
10,1,x_186
10,1,x_187
10,1,x_188
10,1,x_189
10,1,x_190
10,1,x_191
10,1,x_192
10,1,x_193
10,1,x_194
10,1,x_195
10,1,x_196
10,1,x_197
10,1,x_198
10,1,x_199
11,1,y
11,1,x_001
11,1,x_002
11,1,x_003
11,1,x_004
11,1,x_005
11,1,x_006
11,1,x_007
11,1,x_008
11,1,x_009
11,1,x_010
11,1,x_011
11,1,x_012
11,1,x_013
11,1,x_014
11,1,x_015
11,1,x_016
11,1,x_017
11,1,x_018
11,1,x_019
11,1,x_020
11,1,x_021
11,1,x_022
11,1,x_023
11,1,x_024
11,1,x_025
11,1,x_026
11,1,x_027
11,1,x_028
11,1,x_029
11,1,x_030
11,1,x_031
11,1,x_032
11,1,x_033
11,1,x_034
11,1,x_035
11,1,x_036
11,1,x_037
11,1,x_038
11,1,x_039
11,1,x_040
11,1,x_041
11,1,x_042
11,1,x_043
11,1,x_044
11,2,x_045
11,3,x_046
11,1,x_047
11,1,x_048
11,1,x_049
11,1,x_050
11,1,x_051
11,1,x_052
11,1,x_053
11,1,x_054
11,1,x_055
11,1,x_056
11,1,x_057
11,1,x_058
11,2,x_059
11,4,x_060
11,1,x_061
11,1,x_062
11,1,x_063
11,1,x_064
11,1,x_065
11,1,x_066
11,1,x_067
11,1,x_068
11,1,x_069
11,1,x_070
11,1,x_071
11,1,x_072
11,1,x_073
11,1,x_074
11,1,x_075
11,1,x_076
11,1,x_077
11,5,x_078
11,4,x_079
11,1,x_080
11,1,x_081
11,1,x_082
11,1,x_083
11,1,x_084
11,6,x_085
11,7,x_086
11,7,x_087
11,1,x_088
11,1,x_089
11,1,x_090
11,1,x_091
11,1,x_092
11,1,x_093
11,1,x_094
11,1,x_095
11,1,x_096
11,1,x_097
11,1,x_098
11,1,x_099
11,1,x_100
11,1,x_101
11,1,x_102
11,1,x_103
11,1,x_104
11,1,x_105
11,1,x_106
11,1,x_107
11,1,x_108
11,1,x_109
11,1,x_110
11,1,x_111
11,1,x_112
11,1,x_113
11,1,x_114
11,1,x_115
11,1,x_116
11,1,x_117
11,1,x_118
11,1,x_119
11,1,x_120
11,1,x_121
11,1,x_122
11,1,x_123
11,1,x_124
11,5,x_125
11,4,x_126
11,1,x_127
11,1,x_128
11,1,x_129
11,1,x_130
11,8,x_131
11,1,x_132
11,1,x_133
11,1,x_134
11,1,x_135
11,1,x_136
11,1,x_137
11,9,x_138
11,1,x_139
11,1,x_140
11,1,x_141
11,1,x_142
11,10,x_143
11,1,x_144
11,8,x_145
11,8,x_146
11,1,x_147
11,1,x_148
11,1,x_149
11,1,x_150
11,1,x_151
11,1,x_152
11,1,x_153
11,1,x_154
11,1,x_155
11,1,x_156
11,1,x_157
11,1,x_158
11,1,x_159
11,1,x_160
11,1,x_161
11,1,x_162
11,1,x_163
11,1,x_164
11,1,x_165
11,1,x_166
11,1,x_167
11,1,x_168
11,1,x_169
11,1,x_170
11,1,x_171
11,9,x_172
11,1,x_173
11,1,x_174
11,1,x_175
11,1,x_176
11,1,x_177
11,1,x_178
11,1,x_179
11,1,x_180
11,1,x_181
11,1,x_182
11,1,x_183
11,1,x_184
11,11,x_185
11,1,x_186
11,1,x_187
11,1,x_188
11,1,x_189
11,1,x_190
11,1,x_191
11,1,x_192
11,1,x_193
11,1,x_194
11,1,x_195
11,1,x_196
11,1,x_197
11,1,x_198
11,1,x_199
12,1,y
12,1,x_001
12,1,x_002
12,1,x_003
12,1,x_004
12,1,x_005
12,1,x_006
12,1,x_007
12,1,x_008
12,1,x_009
12,1,x_010
12,1,x_011
12,1,x_012
12,1,x_013
12,1,x_014
12,1,x_015
12,1,x_016
12,1,x_017
12,1,x_018
12,1,x_019
12,1,x_020
12,1,x_021
12,1,x_022
12,1,x_023
12,1,x_024
12,1,x_025
12,1,x_026
12,1,x_027
12,1,x_028
12,1,x_029
12,1,x_030
12,1,x_031
12,1,x_032
12,1,x_033
12,1,x_034
12,1,x_035
12,1,x_036
12,1,x_037
12,1,x_038
12,1,x_039
12,1,x_040
12,1,x_041
12,1,x_042
12,1,x_043
12,1,x_044
12,2,x_045
12,3,x_046
12,1,x_047
12,1,x_048
12,1,x_049
12,1,x_050
12,1,x_051
12,1,x_052
12,1,x_053
12,1,x_054
12,1,x_055
12,1,x_056
12,1,x_057
12,1,x_058
12,2,x_059
12,4,x_060
12,1,x_061
12,1,x_062
12,1,x_063
12,1,x_064
12,1,x_065
12,1,x_066
12,1,x_067
12,1,x_068
12,1,x_069
12,1,x_070
12,1,x_071
12,1,x_072
12,1,x_073
12,1,x_074
12,1,x_075
12,1,x_076
12,1,x_077
12,5,x_078
12,4,x_079
12,1,x_080
12,1,x_081
12,1,x_082
12,1,x_083
12,1,x_084
12,6,x_085
12,7,x_086
12,7,x_087
12,1,x_088
12,1,x_089
12,1,x_090
12,1,x_091
12,1,x_092
12,1,x_093
12,1,x_094
12,1,x_095
12,1,x_096
12,1,x_097
12,1,x_098
12,1,x_099
12,1,x_100
12,1,x_101
12,1,x_102
12,1,x_103
12,1,x_104
12,1,x_105
12,1,x_106
12,1,x_107
12,1,x_108
12,1,x_109
12,1,x_110
12,1,x_111
12,1,x_112
12,1,x_113
12,1,x_114
12,1,x_115
12,1,x_116
12,1,x_117
12,1,x_118
12,1,x_119
12,1,x_120
12,1,x_121
12,1,x_122
12,1,x_123
12,1,x_124
12,8,x_125
12,4,x_126
12,1,x_127
12,1,x_128
12,1,x_129
12,1,x_130
12,9,x_131
12,1,x_132
12,1,x_133
12,1,x_134
12,1,x_135
12,1,x_136
12,1,x_137
12,10,x_138
12,1,x_139
12,1,x_140
12,1,x_141
12,1,x_142
12,11,x_143
12,1,x_144
12,9,x_145
12,9,x_146
12,1,x_147
12,1,x_148
12,1,x_149
12,1,x_150
12,1,x_151
12,1,x_152
12,1,x_153
12,1,x_154
12,1,x_155
12,1,x_156
12,1,x_157
12,1,x_158
12,1,x_159
12,1,x_160
12,1,x_161
12,1,x_162
12,1,x_163
12,1,x_164
12,1,x_165
12,1,x_166
12,1,x_167
12,1,x_168
12,1,x_169
12,1,x_170
12,1,x_171
12,10,x_172
12,1,x_173
12,1,x_174
12,1,x_175
12,1,x_176
12,1,x_177
12,1,x_178
12,1,x_179
12,1,x_180
12,1,x_181
12,1,x_182
12,1,x_183
12,1,x_184
12,12,x_185
12,1,x_186
12,1,x_187
12,1,x_188
12,1,x_189
12,1,x_190
12,1,x_191
12,1,x_192
12,1,x_193
12,1,x_194
12,1,x_195
12,1,x_196
12,1,x_197
12,1,x_198
12,1,x_199
13,1,y
13,1,x_001
13,1,x_002
13,1,x_003
13,1,x_004
13,1,x_005
13,1,x_006
13,1,x_007
13,1,x_008
13,1,x_009
13,1,x_010
13,1,x_011
13,1,x_012
13,1,x_013
13,1,x_014
13,1,x_015
13,1,x_016
13,1,x_017
13,1,x_018
13,1,x_019
13,1,x_020
13,1,x_021
13,1,x_022
13,1,x_023
13,1,x_024
13,1,x_025
13,1,x_026
13,1,x_027
13,1,x_028
13,1,x_029
13,1,x_030
13,1,x_031
13,1,x_032
13,1,x_033
13,1,x_034
13,1,x_035
13,1,x_036
13,1,x_037
13,1,x_038
13,1,x_039
13,1,x_040
13,1,x_041
13,1,x_042
13,1,x_043
13,1,x_044
13,2,x_045
13,3,x_046
13,1,x_047
13,1,x_048
13,1,x_049
13,1,x_050
13,1,x_051
13,1,x_052
13,1,x_053
13,1,x_054
13,1,x_055
13,1,x_056
13,1,x_057
13,1,x_058
13,2,x_059
13,4,x_060
13,1,x_061
13,1,x_062
13,1,x_063
13,1,x_064
13,1,x_065
13,1,x_066
13,1,x_067
13,1,x_068
13,1,x_069
13,1,x_070
13,1,x_071
13,1,x_072
13,1,x_073
13,1,x_074
13,1,x_075
13,1,x_076
13,1,x_077
13,5,x_078
13,4,x_079
13,1,x_080
13,1,x_081
13,1,x_082
13,1,x_083
13,1,x_084
13,6,x_085
13,7,x_086
13,7,x_087
13,1,x_088
13,1,x_089
13,1,x_090
13,1,x_091
13,1,x_092
13,1,x_093
13,1,x_094
13,1,x_095
13,1,x_096
13,1,x_097
13,1,x_098
13,1,x_099
13,1,x_100
13,1,x_101
13,1,x_102
13,1,x_103
13,1,x_104
13,1,x_105
13,1,x_106
13,1,x_107
13,1,x_108
13,1,x_109
13,1,x_110
13,1,x_111
13,1,x_112
13,1,x_113
13,1,x_114
13,1,x_115
13,1,x_116
13,1,x_117
13,1,x_118
13,1,x_119
13,1,x_120
13,1,x_121
13,1,x_122
13,1,x_123
13,1,x_124
13,8,x_125
13,4,x_126
13,1,x_127
13,1,x_128
13,1,x_129
13,1,x_130
13,9,x_131
13,1,x_132
13,1,x_133
13,1,x_134
13,1,x_135
13,1,x_136
13,1,x_137
13,10,x_138
13,1,x_139
13,1,x_140
13,1,x_141
13,1,x_142
13,11,x_143
13,1,x_144
13,9,x_145
13,9,x_146
13,1,x_147
13,1,x_148
13,1,x_149
13,1,x_150
13,1,x_151
13,1,x_152
13,1,x_153
13,1,x_154
13,1,x_155
13,1,x_156
13,1,x_157
13,1,x_158
13,1,x_159
13,1,x_160
13,1,x_161
13,1,x_162
13,1,x_163
13,1,x_164
13,1,x_165
13,1,x_166
13,1,x_167
13,1,x_168
13,1,x_169
13,1,x_170
13,1,x_171
13,12,x_172
13,1,x_173
13,1,x_174
13,1,x_175
13,1,x_176
13,1,x_177
13,1,x_178
13,1,x_179
13,1,x_180
13,1,x_181
13,1,x_182
13,1,x_183
13,1,x_184
13,13,x_185
13,1,x_186
13,1,x_187
13,1,x_188
13,1,x_189
13,1,x_190
13,1,x_191
13,1,x_192
13,1,x_193
13,1,x_194
13,1,x_195
13,1,x_196
13,1,x_197
13,1,x_198
13,1,x_199
14,1,y
14,1,x_001
14,1,x_002
14,1,x_003
14,1,x_004
14,1,x_005
14,1,x_006
14,1,x_007
14,1,x_008
14,1,x_009
14,1,x_010
14,1,x_011
14,1,x_012
14,1,x_013
14,1,x_014
14,1,x_015
14,1,x_016
14,1,x_017
14,1,x_018
14,1,x_019
14,1,x_020
14,1,x_021
14,1,x_022
14,1,x_023
14,1,x_024
14,1,x_025
14,1,x_026
14,1,x_027
14,1,x_028
14,1,x_029
14,1,x_030
14,1,x_031
14,1,x_032
14,1,x_033
14,1,x_034
14,1,x_035
14,1,x_036
14,1,x_037
14,1,x_038
14,1,x_039
14,1,x_040
14,1,x_041
14,1,x_042
14,1,x_043
14,1,x_044
14,2,x_045
14,3,x_046
14,1,x_047
14,1,x_048
14,1,x_049
14,1,x_050
14,1,x_051
14,4,x_052
14,1,x_053
14,1,x_054
14,1,x_055
14,1,x_056
14,1,x_057
14,1,x_058
14,2,x_059
14,5,x_060
14,1,x_061
14,1,x_062
14,1,x_063
14,1,x_064
14,1,x_065
14,1,x_066
14,1,x_067
14,1,x_068
14,1,x_069
14,1,x_070
14,1,x_071
14,1,x_072
14,1,x_073
14,1,x_074
14,1,x_075
14,1,x_076
14,1,x_077
14,6,x_078
14,5,x_079
14,1,x_080
14,1,x_081
14,1,x_082
14,1,x_083
14,1,x_084
14,7,x_085
14,8,x_086
14,8,x_087
14,1,x_088
14,1,x_089
14,1,x_090
14,1,x_091
14,1,x_092
14,1,x_093
14,1,x_094
14,1,x_095
14,1,x_096
14,1,x_097
14,1,x_098
14,1,x_099
14,1,x_100
14,1,x_101
14,1,x_102
14,1,x_103
14,1,x_104
14,1,x_105
14,1,x_106
14,1,x_107
14,1,x_108
14,1,x_109
14,1,x_110
14,1,x_111
14,1,x_112
14,1,x_113
14,1,x_114
14,1,x_115
14,1,x_116
14,1,x_117
14,1,x_118
14,1,x_119
14,1,x_120
14,1,x_121
14,1,x_122
14,1,x_123
14,1,x_124
14,9,x_125
14,5,x_126
14,1,x_127
14,1,x_128
14,1,x_129
14,1,x_130
14,10,x_131
14,1,x_132
14,1,x_133
14,1,x_134
14,1,x_135
14,1,x_136
14,1,x_137
14,11,x_138
14,1,x_139
14,1,x_140
14,1,x_141
14,1,x_142
14,12,x_143
14,1,x_144
14,10,x_145
14,10,x_146
14,1,x_147
14,1,x_148
14,1,x_149
14,1,x_150
14,1,x_151
14,1,x_152
14,1,x_153
14,1,x_154
14,1,x_155
14,1,x_156
14,1,x_157
14,1,x_158
14,1,x_159
14,1,x_160
14,1,x_161
14,1,x_162
14,1,x_163
14,1,x_164
14,1,x_165
14,1,x_166
14,1,x_167
14,1,x_168
14,1,x_169
14,1,x_170
14,1,x_171
14,13,x_172
14,1,x_173
14,1,x_174
14,1,x_175
14,1,x_176
14,1,x_177
14,1,x_178
14,1,x_179
14,1,x_180
14,1,x_181
14,1,x_182
14,1,x_183
14,1,x_184
14,14,x_185
14,1,x_186
14,1,x_187
14,1,x_188
14,1,x_189
14,1,x_190
14,1,x_191
14,1,x_192
14,1,x_193
14,1,x_194
14,1,x_195
14,1,x_196
14,1,x_197
14,1,x_198
14,1,x_199
15,1,y
15,1,x_001
15,1,x_002
15,1,x_003
15,1,x_004
15,1,x_005
15,1,x_006
15,1,x_007
15,1,x_008
15,1,x_009
15,1,x_010
15,1,x_011
15,1,x_012
15,1,x_013
15,1,x_014
15,1,x_015
15,1,x_016
15,1,x_017
15,1,x_018
15,1,x_019
15,1,x_020
15,1,x_021
15,1,x_022
15,1,x_023
15,1,x_024
15,1,x_025
15,1,x_026
15,1,x_027
15,1,x_028
15,1,x_029
15,1,x_030
15,1,x_031
15,1,x_032
15,1,x_033
15,1,x_034
15,1,x_035
15,1,x_036
15,1,x_037
15,1,x_038
15,1,x_039
15,1,x_040
15,1,x_041
15,1,x_042
15,1,x_043
15,1,x_044
15,2,x_045
15,3,x_046
15,1,x_047
15,1,x_048
15,1,x_049
15,1,x_050
15,1,x_051
15,4,x_052
15,1,x_053
15,1,x_054
15,1,x_055
15,1,x_056
15,1,x_057
15,1,x_058
15,2,x_059
15,5,x_060
15,1,x_061
15,1,x_062
15,1,x_063
15,1,x_064
15,1,x_065
15,1,x_066
15,1,x_067
15,1,x_068
15,1,x_069
15,1,x_070
15,1,x_071
15,1,x_072
15,1,x_073
15,1,x_074
15,1,x_075
15,1,x_076
15,1,x_077
15,6,x_078
15,5,x_079
15,1,x_080
15,1,x_081
15,1,x_082
15,1,x_083
15,1,x_084
15,7,x_085
15,8,x_086
15,8,x_087
15,1,x_088
15,1,x_089
15,1,x_090
15,1,x_091
15,1,x_092
15,1,x_093
15,1,x_094
15,1,x_095
15,1,x_096
15,1,x_097
15,1,x_098
15,1,x_099
15,1,x_100
15,1,x_101
15,1,x_102
15,1,x_103
15,1,x_104
15,1,x_105
15,1,x_106
15,1,x_107
15,1,x_108
15,1,x_109
15,1,x_110
15,1,x_111
15,1,x_112
15,1,x_113
15,1,x_114
15,1,x_115
15,1,x_116
15,1,x_117
15,1,x_118
15,1,x_119
15,1,x_120
15,1,x_121
15,1,x_122
15,1,x_123
15,1,x_124
15,9,x_125
15,5,x_126
15,1,x_127
15,1,x_128
15,1,x_129
15,1,x_130
15,10,x_131
15,1,x_132
15,11,x_133
15,1,x_134
15,11,x_135
15,11,x_136
15,1,x_137
15,12,x_138
15,1,x_139
15,11,x_140
15,11,x_141
15,1,x_142
15,13,x_143
15,1,x_144
15,10,x_145
15,10,x_146
15,11,x_147
15,11,x_148
15,1,x_149
15,1,x_150
15,1,x_151
15,1,x_152
15,1,x_153
15,1,x_154
15,1,x_155
15,1,x_156
15,1,x_157
15,1,x_158
15,11,x_159
15,11,x_160
15,11,x_161
15,1,x_162
15,1,x_163
15,1,x_164
15,1,x_165
15,1,x_166
15,1,x_167
15,1,x_168
15,1,x_169
15,1,x_170
15,1,x_171
15,14,x_172
15,11,x_173
15,11,x_174
15,1,x_175
15,1,x_176
15,1,x_177
15,1,x_178
15,1,x_179
15,1,x_180
15,1,x_181
15,1,x_182
15,1,x_183
15,1,x_184
15,15,x_185
15,11,x_186
15,11,x_187
15,1,x_188
15,1,x_189
15,1,x_190
15,1,x_191
15,1,x_192
15,1,x_193
15,1,x_194
15,1,x_195
15,1,x_196
15,1,x_197
15,1,x_198
15,1,x_199
16,1,y
16,1,x_001
16,1,x_002
16,1,x_003
16,1,x_004
16,1,x_005
16,1,x_006
16,1,x_007
16,1,x_008
16,1,x_009
16,1,x_010
16,1,x_011
16,1,x_012
16,1,x_013
16,1,x_014
16,1,x_015
16,1,x_016
16,1,x_017
16,1,x_018
16,1,x_019
16,1,x_020
16,1,x_021
16,1,x_022
16,1,x_023
16,1,x_024
16,1,x_025
16,1,x_026
16,1,x_027
16,1,x_028
16,1,x_029
16,1,x_030
16,1,x_031
16,1,x_032
16,1,x_033
16,1,x_034
16,1,x_035
16,1,x_036
16,1,x_037
16,1,x_038
16,1,x_039
16,1,x_040
16,1,x_041
16,1,x_042
16,1,x_043
16,1,x_044
16,2,x_045
16,3,x_046
16,1,x_047
16,1,x_048
16,1,x_049
16,1,x_050
16,1,x_051
16,4,x_052
16,1,x_053
16,1,x_054
16,1,x_055
16,1,x_056
16,1,x_057
16,1,x_058
16,2,x_059
16,5,x_060
16,1,x_061
16,1,x_062
16,1,x_063
16,1,x_064
16,1,x_065
16,1,x_066
16,1,x_067
16,1,x_068
16,1,x_069
16,1,x_070
16,1,x_071
16,1,x_072
16,1,x_073
16,1,x_074
16,1,x_075
16,1,x_076
16,1,x_077
16,6,x_078
16,5,x_079
16,1,x_080
16,1,x_081
16,1,x_082
16,1,x_083
16,1,x_084
16,7,x_085
16,8,x_086
16,8,x_087
16,1,x_088
16,1,x_089
16,1,x_090
16,1,x_091
16,1,x_092
16,1,x_093
16,1,x_094
16,1,x_095
16,1,x_096
16,1,x_097
16,1,x_098
16,1,x_099
16,1,x_100
16,1,x_101
16,1,x_102
16,1,x_103
16,1,x_104
16,1,x_105
16,1,x_106
16,1,x_107
16,1,x_108
16,1,x_109
16,1,x_110
16,1,x_111
16,1,x_112
16,1,x_113
16,1,x_114
16,1,x_115
16,1,x_116
16,1,x_117
16,1,x_118
16,1,x_119
16,1,x_120
16,1,x_121
16,1,x_122
16,1,x_123
16,1,x_124
16,9,x_125
16,5,x_126
16,1,x_127
16,1,x_128
16,1,x_129
16,1,x_130
16,10,x_131
16,1,x_132
16,11,x_133
16,1,x_134
16,11,x_135
16,11,x_136
16,1,x_137
16,12,x_138
16,1,x_139
16,11,x_140
16,11,x_141
16,1,x_142
16,13,x_143
16,1,x_144
16,14,x_145
16,10,x_146
16,11,x_147
16,11,x_148
16,1,x_149
16,1,x_150
16,1,x_151
16,1,x_152
16,1,x_153
16,1,x_154
16,1,x_155
16,1,x_156
16,1,x_157
16,1,x_158
16,11,x_159
16,11,x_160
16,11,x_161
16,1,x_162
16,1,x_163
16,1,x_164
16,1,x_165
16,1,x_166
16,1,x_167
16,1,x_168
16,1,x_169
16,1,x_170
16,1,x_171
16,15,x_172
16,11,x_173
16,11,x_174
16,1,x_175
16,1,x_176
16,1,x_177
16,1,x_178
16,1,x_179
16,1,x_180
16,1,x_181
16,1,x_182
16,1,x_183
16,1,x_184
16,16,x_185
16,11,x_186
16,11,x_187
16,1,x_188
16,1,x_189
16,1,x_190
16,1,x_191
16,1,x_192
16,1,x_193
16,1,x_194
16,1,x_195
16,1,x_196
16,1,x_197
16,1,x_198
16,1,x_199
17,1,y
17,1,x_001
17,1,x_002
17,1,x_003
17,1,x_004
17,1,x_005
17,1,x_006
17,1,x_007
17,1,x_008
17,1,x_009
17,1,x_010
17,1,x_011
17,1,x_012
17,1,x_013
17,1,x_014
17,1,x_015
17,1,x_016
17,1,x_017
17,1,x_018
17,1,x_019
17,1,x_020
17,1,x_021
17,1,x_022
17,1,x_023
17,1,x_024
17,1,x_025
17,1,x_026
17,1,x_027
17,1,x_028
17,1,x_029
17,1,x_030
17,1,x_031
17,1,x_032
17,1,x_033
17,1,x_034
17,1,x_035
17,1,x_036
17,1,x_037
17,1,x_038
17,1,x_039
17,1,x_040
17,1,x_041
17,1,x_042
17,1,x_043
17,1,x_044
17,2,x_045
17,3,x_046
17,1,x_047
17,1,x_048
17,1,x_049
17,1,x_050
17,1,x_051
17,4,x_052
17,1,x_053
17,1,x_054
17,1,x_055
17,1,x_056
17,1,x_057
17,1,x_058
17,2,x_059
17,5,x_060
17,1,x_061
17,1,x_062
17,1,x_063
17,1,x_064
17,1,x_065
17,1,x_066
17,1,x_067
17,1,x_068
17,1,x_069
17,1,x_070
17,1,x_071
17,1,x_072
17,1,x_073
17,1,x_074
17,1,x_075
17,1,x_076
17,1,x_077
17,6,x_078
17,5,x_079
17,1,x_080
17,1,x_081
17,1,x_082
17,1,x_083
17,1,x_084
17,7,x_085
17,8,x_086
17,9,x_087
17,1,x_088
17,1,x_089
17,1,x_090
17,1,x_091
17,1,x_092
17,1,x_093
17,1,x_094
17,1,x_095
17,1,x_096
17,1,x_097
17,1,x_098
17,1,x_099
17,1,x_100
17,1,x_101
17,1,x_102
17,1,x_103
17,1,x_104
17,1,x_105
17,1,x_106
17,1,x_107
17,1,x_108
17,1,x_109
17,1,x_110
17,1,x_111
17,1,x_112
17,1,x_113
17,1,x_114
17,1,x_115
17,1,x_116
17,1,x_117
17,1,x_118
17,1,x_119
17,1,x_120
17,1,x_121
17,1,x_122
17,1,x_123
17,1,x_124
17,10,x_125
17,5,x_126
17,1,x_127
17,1,x_128
17,1,x_129
17,1,x_130
17,11,x_131
17,1,x_132
17,12,x_133
17,1,x_134
17,12,x_135
17,12,x_136
17,1,x_137
17,13,x_138
17,1,x_139
17,12,x_140
17,12,x_141
17,1,x_142
17,14,x_143
17,1,x_144
17,15,x_145
17,11,x_146
17,12,x_147
17,12,x_148
17,1,x_149
17,1,x_150
17,1,x_151
17,1,x_152
17,1,x_153
17,1,x_154
17,1,x_155
17,1,x_156
17,1,x_157
17,1,x_158
17,12,x_159
17,12,x_160
17,12,x_161
17,1,x_162
17,1,x_163
17,1,x_164
17,1,x_165
17,1,x_166
17,1,x_167
17,1,x_168
17,1,x_169
17,1,x_170
17,1,x_171
17,16,x_172
17,12,x_173
17,12,x_174
17,1,x_175
17,1,x_176
17,1,x_177
17,1,x_178
17,1,x_179
17,1,x_180
17,1,x_181
17,1,x_182
17,1,x_183
17,1,x_184
17,17,x_185
17,12,x_186
17,12,x_187
17,1,x_188
17,1,x_189
17,1,x_190
17,1,x_191
17,1,x_192
17,1,x_193
17,1,x_194
17,1,x_195
17,1,x_196
17,1,x_197
17,1,x_198
17,1,x_199
18,1,y
18,1,x_001
18,1,x_002
18,1,x_003
18,1,x_004
18,1,x_005
18,1,x_006
18,1,x_007
18,1,x_008
18,1,x_009
18,1,x_010
18,1,x_011
18,1,x_012
18,1,x_013
18,1,x_014
18,1,x_015
18,1,x_016
18,1,x_017
18,1,x_018
18,1,x_019
18,1,x_020
18,1,x_021
18,1,x_022
18,1,x_023
18,1,x_024
18,1,x_025
18,1,x_026
18,1,x_027
18,1,x_028
18,1,x_029
18,1,x_030
18,1,x_031
18,1,x_032
18,1,x_033
18,1,x_034
18,1,x_035
18,1,x_036
18,1,x_037
18,1,x_038
18,1,x_039
18,1,x_040
18,1,x_041
18,1,x_042
18,1,x_043
18,1,x_044
18,2,x_045
18,3,x_046
18,1,x_047
18,1,x_048
18,1,x_049
18,1,x_050
18,1,x_051
18,4,x_052
18,1,x_053
18,1,x_054
18,1,x_055
18,1,x_056
18,1,x_057
18,1,x_058
18,2,x_059
18,5,x_060
18,1,x_061
18,1,x_062
18,1,x_063
18,1,x_064
18,1,x_065
18,1,x_066
18,1,x_067
18,1,x_068
18,1,x_069
18,1,x_070
18,1,x_071
18,1,x_072
18,1,x_073
18,1,x_074
18,1,x_075
18,1,x_076
18,1,x_077
18,6,x_078
18,5,x_079
18,1,x_080
18,1,x_081
18,1,x_082
18,1,x_083
18,1,x_084
18,7,x_085
18,8,x_086
18,9,x_087
18,1,x_088
18,1,x_089
18,1,x_090
18,1,x_091
18,1,x_092
18,1,x_093
18,1,x_094
18,1,x_095
18,1,x_096
18,1,x_097
18,1,x_098
18,1,x_099
18,1,x_100
18,1,x_101
18,1,x_102
18,1,x_103
18,1,x_104
18,1,x_105
18,1,x_106
18,1,x_107
18,1,x_108
18,1,x_109
18,1,x_110
18,1,x_111
18,1,x_112
18,1,x_113
18,1,x_114
18,1,x_115
18,1,x_116
18,1,x_117
18,1,x_118
18,1,x_119
18,1,x_120
18,1,x_121
18,1,x_122
18,1,x_123
18,1,x_124
18,10,x_125
18,5,x_126
18,1,x_127
18,1,x_128
18,1,x_129
18,1,x_130
18,11,x_131
18,1,x_132
18,12,x_133
18,1,x_134
18,12,x_135
18,12,x_136
18,1,x_137
18,13,x_138
18,1,x_139
18,14,x_140
18,12,x_141
18,1,x_142
18,15,x_143
18,1,x_144
18,16,x_145
18,11,x_146
18,12,x_147
18,12,x_148
18,1,x_149
18,1,x_150
18,1,x_151
18,1,x_152
18,1,x_153
18,1,x_154
18,1,x_155
18,1,x_156
18,1,x_157
18,1,x_158
18,12,x_159
18,12,x_160
18,12,x_161
18,1,x_162
18,1,x_163
18,1,x_164
18,1,x_165
18,1,x_166
18,1,x_167
18,1,x_168
18,1,x_169
18,1,x_170
18,1,x_171
18,17,x_172
18,12,x_173
18,12,x_174
18,1,x_175
18,1,x_176
18,1,x_177
18,1,x_178
18,1,x_179
18,1,x_180
18,1,x_181
18,1,x_182
18,1,x_183
18,1,x_184
18,18,x_185
18,12,x_186
18,12,x_187
18,1,x_188
18,1,x_189
18,1,x_190
18,1,x_191
18,1,x_192
18,1,x_193
18,1,x_194
18,1,x_195
18,1,x_196
18,1,x_197
18,1,x_198
18,1,x_199
19,1,y
19,1,x_001
19,1,x_002
19,1,x_003
19,1,x_004
19,1,x_005
19,1,x_006
19,1,x_007
19,1,x_008
19,1,x_009
19,1,x_010
19,1,x_011
19,1,x_012
19,1,x_013
19,1,x_014
19,1,x_015
19,1,x_016
19,1,x_017
19,1,x_018
19,1,x_019
19,1,x_020
19,1,x_021
19,1,x_022
19,1,x_023
19,1,x_024
19,1,x_025
19,1,x_026
19,1,x_027
19,1,x_028
19,1,x_029
19,1,x_030
19,1,x_031
19,1,x_032
19,1,x_033
19,1,x_034
19,1,x_035
19,1,x_036
19,1,x_037
19,1,x_038
19,1,x_039
19,1,x_040
19,1,x_041
19,1,x_042
19,1,x_043
19,1,x_044
19,2,x_045
19,3,x_046
19,1,x_047
19,1,x_048
19,1,x_049
19,1,x_050
19,1,x_051
19,4,x_052
19,1,x_053
19,1,x_054
19,1,x_055
19,1,x_056
19,1,x_057
19,1,x_058
19,2,x_059
19,5,x_060
19,1,x_061
19,1,x_062
19,1,x_063
19,1,x_064
19,1,x_065
19,1,x_066
19,1,x_067
19,1,x_068
19,1,x_069
19,1,x_070
19,1,x_071
19,1,x_072
19,1,x_073
19,1,x_074
19,1,x_075
19,1,x_076
19,1,x_077
19,6,x_078
19,5,x_079
19,1,x_080
19,1,x_081
19,1,x_082
19,1,x_083
19,1,x_084
19,7,x_085
19,8,x_086
19,9,x_087
19,1,x_088
19,1,x_089
19,1,x_090
19,1,x_091
19,1,x_092
19,1,x_093
19,1,x_094
19,1,x_095
19,1,x_096
19,1,x_097
19,1,x_098
19,1,x_099
19,1,x_100
19,1,x_101
19,1,x_102
19,1,x_103
19,1,x_104
19,1,x_105
19,1,x_106
19,1,x_107
19,1,x_108
19,1,x_109
19,1,x_110
19,1,x_111
19,1,x_112
19,1,x_113
19,1,x_114
19,1,x_115
19,1,x_116
19,1,x_117
19,1,x_118
19,1,x_119
19,1,x_120
19,1,x_121
19,1,x_122
19,1,x_123
19,1,x_124
19,10,x_125
19,5,x_126
19,1,x_127
19,1,x_128
19,1,x_129
19,1,x_130
19,11,x_131
19,1,x_132
19,12,x_133
19,1,x_134
19,13,x_135
19,13,x_136
19,1,x_137
19,14,x_138
19,1,x_139
19,15,x_140
19,13,x_141
19,1,x_142
19,16,x_143
19,1,x_144
19,17,x_145
19,11,x_146
19,13,x_147
19,13,x_148
19,1,x_149
19,1,x_150
19,1,x_151
19,1,x_152
19,1,x_153
19,1,x_154
19,1,x_155
19,1,x_156
19,1,x_157
19,1,x_158
19,13,x_159
19,13,x_160
19,13,x_161
19,1,x_162
19,1,x_163
19,1,x_164
19,1,x_165
19,1,x_166
19,1,x_167
19,1,x_168
19,1,x_169
19,1,x_170
19,1,x_171
19,18,x_172
19,13,x_173
19,13,x_174
19,1,x_175
19,1,x_176
19,1,x_177
19,1,x_178
19,1,x_179
19,1,x_180
19,1,x_181
19,1,x_182
19,1,x_183
19,1,x_184
19,19,x_185
19,13,x_186
19,13,x_187
19,1,x_188
19,1,x_189
19,1,x_190
19,1,x_191
19,1,x_192
19,1,x_193
19,1,x_194
19,1,x_195
19,1,x_196
19,1,x_197
19,1,x_198
19,1,x_199
20,1,y
20,1,x_001
20,1,x_002
20,1,x_003
20,1,x_004
20,1,x_005
20,1,x_006
20,1,x_007
20,1,x_008
20,1,x_009
20,1,x_010
20,1,x_011
20,1,x_012
20,1,x_013
20,1,x_014
20,1,x_015
20,1,x_016
20,1,x_017
20,1,x_018
20,1,x_019
20,1,x_020
20,1,x_021
20,1,x_022
20,1,x_023
20,1,x_024
20,1,x_025
20,1,x_026
20,1,x_027
20,1,x_028
20,1,x_029
20,1,x_030
20,1,x_031
20,1,x_032
20,1,x_033
20,1,x_034
20,1,x_035
20,1,x_036
20,1,x_037
20,1,x_038
20,1,x_039
20,1,x_040
20,1,x_041
20,1,x_042
20,1,x_043
20,1,x_044
20,2,x_045
20,3,x_046
20,4,x_047
20,1,x_048
20,1,x_049
20,1,x_050
20,1,x_051
20,5,x_052
20,1,x_053
20,1,x_054
20,1,x_055
20,1,x_056
20,1,x_057
20,1,x_058
20,2,x_059
20,6,x_060
20,4,x_061
20,1,x_062
20,1,x_063
20,1,x_064
20,1,x_065
20,1,x_066
20,1,x_067
20,1,x_068
20,1,x_069
20,1,x_070
20,1,x_071
20,1,x_072
20,1,x_073
20,1,x_074
20,1,x_075
20,1,x_076
20,1,x_077
20,7,x_078
20,6,x_079
20,4,x_080
20,1,x_081
20,1,x_082
20,1,x_083
20,1,x_084
20,8,x_085
20,9,x_086
20,10,x_087
20,1,x_088
20,1,x_089
20,1,x_090
20,1,x_091
20,1,x_092
20,1,x_093
20,1,x_094
20,1,x_095
20,1,x_096
20,1,x_097
20,1,x_098
20,1,x_099
20,1,x_100
20,1,x_101
20,1,x_102
20,1,x_103
20,1,x_104
20,1,x_105
20,1,x_106
20,1,x_107
20,1,x_108
20,1,x_109
20,1,x_110
20,1,x_111
20,1,x_112
20,1,x_113
20,1,x_114
20,1,x_115
20,1,x_116
20,1,x_117
20,1,x_118
20,1,x_119
20,1,x_120
20,1,x_121
20,1,x_122
20,1,x_123
20,1,x_124
20,11,x_125
20,6,x_126
20,4,x_127
20,1,x_128
20,1,x_129
20,1,x_130
20,12,x_131
20,1,x_132
20,13,x_133
20,1,x_134
20,14,x_135
20,14,x_136
20,1,x_137
20,15,x_138
20,1,x_139
20,16,x_140
20,14,x_141
20,1,x_142
20,17,x_143
20,1,x_144
20,18,x_145
20,12,x_146
20,14,x_147
20,14,x_148
20,1,x_149
20,1,x_150
20,1,x_151
20,1,x_152
20,1,x_153
20,1,x_154
20,1,x_155
20,1,x_156
20,1,x_157
20,1,x_158
20,14,x_159
20,14,x_160
20,14,x_161
20,1,x_162
20,1,x_163
20,1,x_164
20,1,x_165
20,1,x_166
20,1,x_167
20,1,x_168
20,1,x_169
20,1,x_170
20,1,x_171
20,19,x_172
20,14,x_173
20,14,x_174
20,1,x_175
20,1,x_176
20,1,x_177
20,1,x_178
20,1,x_179
20,1,x_180
20,1,x_181
20,1,x_182
20,1,x_183
20,1,x_184
20,20,x_185
20,14,x_186
20,14,x_187
20,1,x_188
20,1,x_189
20,1,x_190
20,1,x_191
20,1,x_192
20,1,x_193
20,1,x_194
20,1,x_195
20,1,x_196
20,1,x_197
20,1,x_198
20,1,x_199
