"","date","CO2","sd"
"1",2017-01-02,3.90846,0.2114
"2",2017-01-02,3.3091,0.3095
"3",2017-01-02,3.37626,0.1068
"4",2017-01-02,3.23441,0.1639
"5",2017-01-02,2.91124,0.1939
"6",2017-01-02,2.90137,0.1353
"7",2017-01-02,2.82363,0.1048
"8",2017-01-02,2.75541,0.0766
"9",2017-01-02,2.51042,0.0469
"10",2017-01-02,2.27791,0.062
"11",2017-01-02,2.06854,0.0462
"12",2017-01-02,1.91242,0.0472
"13",2017-01-02,1.77857,0.0282
"14",2017-01-02,1.72277,0.0127
"15",2017-01-02,1.69825,0.004
"16",2017-01-02,1.72619,0.016
"17",2017-01-02,1.98207,0.1264
"18",2017-01-02,2.33997,0.3062
"19",2017-01-02,3.79426,0.4546
"20",2017-01-02,4.55601,0.1371
"21",2017-01-02,4.4529,0.2124
"22",2017-01-02,4.35399,0.0698
"23",2017-01-02,4.25704,0.0591
"24",2017-01-02,4.25778,0.0803
"25",2017-01-03,3.95019,0.1166
"26",2017-01-03,3.49644,0.1276
"27",2017-01-03,3.49672,0.0719
"28",2017-01-03,3.52626,0.1451
"29",2017-01-03,3.2931,0.0671
"30",2017-01-03,3.33033,0.0756
"31",2017-01-03,3.27738,0.0375
"32",2017-01-03,3.17715,0.0476
"33",2017-01-03,3.09634,0.1136
"34",2017-01-03,2.85997,0.0703
"35",2017-01-03,2.61801,0.0388
"36",2017-01-03,2.50532,0.0339
"37",2017-01-03,2.36268,0.0621
"38",2017-01-03,2.24783,0.0191
"39",2017-01-03,2.16863,0.0251
"40",2017-01-03,2.08712,0.0227
"41",2017-01-03,2.10751,0.0695
"42",2017-01-03,2.12721,0.0362
"43",2017-01-03,2.28728,0.1206
"44",2017-01-03,2.55399,0.0809
"45",2017-01-03,2.7525,0.2544
"46",2017-01-03,2.833,0.2521
"47",2017-01-03,2.8342,0.2822
"48",2017-01-03,2.57772,0.0589
"49",2017-01-04,NA,NA
"50",2017-01-04,2.45293,0.0935
"51",2017-01-04,2.40562,0.1293
"52",2017-01-04,2.39884,0.0655
"53",2017-01-04,2.30752,0.0322
"54",2017-01-04,2.27257,0.019
"55",2017-01-04,2.29503,0.0169
"56",2017-01-04,2.29382,0.0141
"57",2017-01-04,2.32148,0.0232
"58",2017-01-04,2.2535,0.0237
"59",2017-01-04,2.19002,0.0325
"60",2017-01-04,2.02599,0.0334
"61",2017-01-04,1.91043,0.0351
"62",2017-01-04,1.83332,0.0154
"63",2017-01-04,2.1276,0.2554
"64",2017-01-04,2.87926,0.1318
"65",2017-01-04,3.03676,0.0963
"66",2017-01-04,3.40557,0.0529
"67",2017-01-04,3.52205,0.06
"68",2017-01-04,3.56053,0.0706
"69",2017-01-04,3.6551,0.1955
"70",2017-01-04,4.32876,0.1708
"71",2017-01-04,4.88614,0.1382
"72",2017-01-04,5.0001,0
"73",2017-01-04,4.99377,0.0183
"74",2017-01-05,5.00008,0
"75",2017-01-05,5.00006,0
"76",2017-01-05,5.00006,0
"77",2017-01-05,5.00006,0
"78",2017-01-05,5.00005,0
"79",2017-01-05,5.00004,0
"80",2017-01-05,4.95806,0.0507
"81",2017-01-05,4.99943,0.0023
"82",2017-01-05,4.979,0.0183
"83",2017-01-05,4.99177,0.0123
"84",2017-01-05,4.98145,0.0177
"85",2017-01-05,4.62006,0.1921
"86",2017-01-05,4.41783,0.0835
"87",2017-01-05,4.30195,0.0662
"88",2017-01-05,4.01948,0.045
"89",2017-01-05,4.00215,0.0253
"90",2017-01-05,3.91666,0.0215
"91",2017-01-05,3.93933,0.0253
"92",2017-01-05,3.89372,0.047
"93",2017-01-05,3.80359,0.0546
"94",2017-01-05,3.83525,0.0916
"95",2017-01-05,3.84798,0.0352
"96",2017-01-05,3.85143,0.007
"97",2017-01-05,3.8544,0.0122
"98",2017-01-06,NA,NA
"99",2017-01-06,3.9225,0.121
"100",2017-01-06,3.79968,0.0362
"101",2017-01-06,3.77262,0.0503
"102",2017-01-06,3.70393,0.077
"103",2017-01-06,3.62062,0.1004
"104",2017-01-06,3.60803,0.0411
"105",2017-01-06,3.6327,0.0414
"106",2017-01-06,3.59323,0.0245
"107",2017-01-06,3.44691,0.0684
"108",2017-01-06,3.27136,0.0798
"109",2017-01-06,3.1012,0.0323
"110",2017-01-06,3.10211,0.0185
"111",2017-01-06,3.05527,0.0117
"112",2017-01-06,3.06597,0.0378
"113",2017-01-06,2.90888,0.0081
"114",2017-01-06,2.99401,0.0722
"115",2017-01-06,3.12103,0.0192
"116",2017-01-06,3.17466,0.0714
"117",2017-01-06,3.29329,0.0492
"118",2017-01-06,3.35498,0.0837
"119",2017-01-06,3.33186,0.0948
"120",2017-01-06,3.30982,0.0418
"121",2017-01-06,3.26237,0.0724
"122",2017-01-06,3.27555,0.1468
"123",2017-01-07,3.10963,0.0357
"124",2017-01-07,3.0029,0.0247
"125",2017-01-07,2.92969,0.0208
"126",2017-01-07,3.09202,0.075
"127",2017-01-07,3.14995,0.0314
"128",2017-01-07,3.07854,0.0311
"129",2017-01-07,3.09407,0.0287
"130",2017-01-07,3.02918,0.0769
"131",2017-01-07,3.03408,0.1029
"132",2017-01-07,2.93124,0.0282
"133",2017-01-07,2.87351,0.0162
"134",2017-01-07,2.86988,0.0181
"135",2017-01-07,2.93795,0.0364
"136",2017-01-07,2.9152,0.0263
"137",2017-01-07,2.93304,0.0285
"138",2017-01-07,2.93081,0.0095
"139",2017-01-07,2.92784,0.0143
"140",2017-01-07,2.93952,0.0329
"141",2017-01-07,2.99062,0.0109
"142",2017-01-07,2.94067,0.044
"143",2017-01-07,2.88338,0.0456
"144",2017-01-07,2.87556,0.0245
"145",2017-01-07,2.98817,0.0192
"146",2017-01-07,3.05205,0.0091
"147",2017-01-08,NA,NA
"148",2017-01-08,3.19791,0.0961
"149",2017-01-08,3.18548,0.0211
"150",2017-01-08,3.09633,0.0446
"151",2017-01-08,2.57023,0.2047
"152",2017-01-08,2.29989,0.0137
"153",2017-01-08,2.28435,0.0065
"154",2017-01-08,2.32988,0.0256
"155",2017-01-08,2.41309,0.0331
"156",2017-01-08,2.36307,0.0559
"157",2017-01-08,2.22287,0.0726
"158",2017-01-08,2.07632,0.0241
"159",2017-01-08,2.07185,0.0168
"160",2017-01-08,2.00489,0.0193
"161",2017-01-08,1.95728,0.0078
"162",2017-01-08,1.96674,0.0119
"163",2017-01-08,1.9982,0.0127
"164",2017-01-08,2.05062,0.0252
"165",2017-01-08,2.14049,0.0259
"166",2017-01-08,2.22709,0.0941
"167",2017-01-08,2.15724,0.0829
"168",2017-01-08,2.09962,0.0283
"169",2017-01-08,2.10501,0.0165
"170",2017-01-08,2.14784,0.0151
"171",2017-01-08,2.16316,0.0055
"172",2017-01-09,2.17008,0.0049
"173",2017-01-09,2.21345,0.0333
"174",2017-01-09,2.25999,0.0098
"175",2017-01-09,2.27932,0.0099
"176",2017-01-10,3.57495,0.0274
"177",2017-01-10,3.3671,0.1527
"178",2017-01-10,3.00878,0.1654
"179",2017-01-10,2.87238,0.0277
"180",2017-01-10,2.82987,0.0459
"181",2017-01-10,2.86433,0.0189
"182",2017-01-11,2.8979,0.069
"183",2017-01-11,2.8775,0.0221
"184",2017-01-11,2.89551,0.0049
"185",2017-01-11,2.90652,0.0064
"186",2017-01-11,3.00043,0.1127
"187",2017-01-11,3.03319,0.1736
"188",2017-01-11,3.05586,0.1147
"189",2017-01-11,3.08658,0.1236
"190",2017-01-11,2.91165,0.0296
"191",2017-01-11,2.77322,0.0388
"192",2017-01-11,2.70246,0.0115
"193",2017-01-11,2.71478,0.0108
"194",2017-01-11,2.71708,0.0072
"195",2017-01-11,2.67853,0.0212
"196",2017-01-11,2.62359,0.012
"197",2017-01-11,2.58753,0.0168
"198",2017-01-11,2.71292,0.1006
"199",2017-01-11,2.79006,0.1537
"200",2017-01-11,2.482,0.1143
"201",2017-01-11,2.37175,0.0844
"202",2017-01-11,2.36869,0.067
"203",2017-01-11,2.40115,0.1338
"204",2017-01-11,2.45878,0.1263
"205",2017-01-11,2.5112,0.1582
"206",2017-01-12,NA,NA
"207",2017-01-13,2.72258,0.0347
"208",2017-01-13,2.76842,0.0101
"209",2017-01-13,2.78331,0.0128
"210",2017-01-13,2.8004,0.0352
"211",2017-01-13,2.79579,0.0422
"212",2017-01-13,2.82837,0.0265
"213",2017-01-13,2.85881,0.0297
"214",2017-01-13,2.79741,0.0108
"215",2017-01-13,2.76689,0.0225
"216",2017-01-13,2.7601,0.0222
"217",2017-01-13,2.81955,0.0135
"218",2017-01-13,2.74057,0.0104
"219",2017-01-13,2.73791,0.0279
"220",2017-01-13,2.58237,0.0709
"221",2017-01-13,2.5069,0.0536
"222",2017-01-13,2.55851,0.0533
"223",2017-01-13,2.59218,0.0241
"224",2017-01-13,2.763,0.0447
"225",2017-01-13,2.87501,0.0311
"226",2017-01-13,2.93065,0.0359
"227",2017-01-13,2.84326,0.0791
"228",2017-01-14,2.84768,0.0191
"229",2017-01-14,2.86963,0.0112
"230",2017-01-14,2.85812,0.0064
"231",2017-01-14,2.94981,0.0391
"232",2017-01-14,2.98441,0.0066
"233",2017-01-14,2.99484,0.0181
"234",2017-01-14,3.09467,0.0605
"235",2017-01-14,3.17291,0.0391
"236",2017-01-14,2.94646,0.0638
"237",2017-01-14,2.84242,0.0241
"238",2017-01-14,2.90692,0.0309
"239",2017-01-14,2.89932,0.028
"240",2017-01-14,2.87098,0.0241
"241",2017-01-14,2.86479,0.0068
"242",2017-01-14,2.75819,0.0265
"243",2017-01-14,2.61792,0.0578
"244",2017-01-14,2.4764,0.0183
"245",2017-01-14,2.61765,0.1006
"246",2017-01-14,2.84696,0.0486
"247",2017-01-14,2.95789,0.0495
"248",2017-01-14,3.22318,0.1068
"249",2017-01-14,3.17233,0.0358
"250",2017-01-14,3.08401,0.085
"251",2017-01-14,2.96283,0.0379
"252",2017-01-15,NA,NA
"253",2017-01-15,2.91794,0.0059
"254",2017-01-15,2.90346,0.0072
"255",2017-01-15,2.92995,0.0158
"256",2017-01-15,2.9573,0.0156
"257",2017-01-15,2.9861,0.0183
"258",2017-01-15,3.0421,0.0271
"259",2017-01-15,3.12176,0.0211
"260",2017-01-15,3.19015,0.0278
"261",2017-01-15,3.2879,0.0173
"262",2017-01-15,3.34861,0.0156
"263",2017-01-15,3.32602,0.0186
"264",2017-01-15,3.21696,0.0533
"265",2017-01-15,3.09302,0.0102
"266",2017-01-15,3.1009,0.0114
"267",2017-01-15,3.04913,0.0195
"268",2017-01-15,3.05619,0.0137
"269",2017-01-15,3.04388,0.0107
"270",2017-01-15,3.06181,0.0427
"271",2017-01-15,3.07424,0.0064
"272",2017-01-15,3.13051,0.0842
"273",2017-01-15,3.14423,0.0699
"274",2017-01-15,3.13602,0.0728
"275",2017-01-15,3.23224,0.0901
"276",2017-01-15,3.2306,0.1096
"277",2017-01-16,3.16394,0.049
"278",2017-01-16,3.17104,0.0334
"279",2017-01-16,3.21281,0.0209
"280",2017-01-16,3.25439,0.0513
"281",2017-01-16,3.19273,0.0296
"282",2017-01-16,3.15737,0.0551
"283",2017-01-16,3.19631,0.0767
"284",2017-01-16,3.20128,0.0952
"285",2017-01-16,3.11731,0.0575
"286",2017-01-16,3.12898,0.0707
"287",2017-01-16,3.03869,0.0369
"288",2017-01-16,3.03054,0.0383
"289",2017-01-16,3.08804,0.0098
"290",2017-01-16,3.10235,0.0361
"291",2017-01-16,2.95197,0.0396
"292",2017-01-16,2.86725,0.012
"293",2017-01-16,2.88311,0.0126
"294",2017-01-16,2.93287,0.0212
"295",2017-01-16,2.9931,0.0171
"296",2017-01-16,2.95937,0.0307
"297",2017-01-16,2.96,0.0259
"298",2017-01-16,2.93775,0.0248
"299",2017-01-16,2.93526,0.0129
"300",2017-01-16,2.94292,0.0438
"301",2017-01-17,NA,NA
"302",2017-01-17,2.94141,0.0354
"303",2017-01-17,2.93119,0.0382
"304",2017-01-17,2.9152,0.0301
"305",2017-01-17,2.94362,0.0569
"306",2017-01-17,2.90436,0.0265
"307",2017-01-17,2.91479,0.0152
"308",2017-01-17,2.95823,0.0463
"309",2017-01-17,2.97542,0.0635
"310",2017-01-17,3.0309,0.0385
"311",2017-01-17,3.05351,0.0237
"312",2017-01-17,2.97988,0.0197
"313",2017-01-17,2.90868,0.0238
"314",2017-01-17,2.79648,0.0207
"315",2017-01-17,2.77739,0.0072
"316",2017-01-17,2.78531,0.011
"317",2017-01-17,2.85632,0.0342
"318",2017-01-17,2.83952,0.0825
"319",2017-01-17,2.98262,0.1228
"320",2017-01-17,2.94259,0.0591
"321",2017-01-17,2.78479,0.1727
"322",2017-01-17,2.14002,0.0776
"323",2017-01-17,2.38522,0.0428
"324",2017-01-17,2.31071,0.0155
"325",2017-01-17,2.26847,0.0156
"326",2017-01-18,2.25403,0.0524
"327",2017-01-18,2.26719,0.0219
"328",2017-01-18,2.28344,0.0053
"329",2017-01-18,2.32321,0.0126
"330",2017-01-18,2.3573,0.0102
"331",2017-01-18,2.37334,0.0095
"332",2017-01-18,2.41128,0.0106
"333",2017-01-18,2.47275,0.0544
"334",2017-01-18,2.49535,0.0368
"335",2017-01-18,2.49832,0.022
"336",2017-01-18,2.38643,0.0446
"337",2017-01-18,2.23271,0.0384
"338",2017-01-18,2.13581,0.0132
"339",2017-01-18,2.08304,0.0185
"340",2017-01-18,2.00468,0.0146
"341",2017-01-18,2.00491,0.0133
"342",2017-01-18,2.10809,0.0559
"343",2017-01-18,2.2933,0.0769
"344",2017-01-18,2.31685,0.0707
"345",2017-01-18,2.36231,0.0558
"346",2017-01-18,2.50993,0.0234
"347",2017-01-18,2.43497,0.0605
"348",2017-01-18,2.48079,0.0635
"349",2017-01-18,2.47307,0.0175
"350",2017-01-19,NA,NA
"351",2017-01-19,2.51939,0.0244
"352",2017-01-19,2.56482,0.0577
"353",2017-01-19,2.57937,0.0155
"354",2017-01-19,2.55751,0.0238
"355",2017-01-19,2.5847,0.016
"356",2017-01-19,2.62457,0.0312
"357",2017-01-19,2.80476,0.0621
"358",2017-01-19,2.82033,0.0889
"359",2017-01-19,2.72617,0.0101
"360",2017-01-19,2.72468,0.0198
"361",2017-01-19,2.39234,0.2111
"362",2017-01-19,2.11795,0.0456
"363",2017-01-19,2.03313,0.0087
"364",2017-01-19,2.10524,0.042
"365",2017-01-19,2.26303,0.0136
"366",2017-01-19,2.32033,0.0197
"367",2017-01-19,2.34351,0.0151
"368",2017-01-19,2.42354,0.0545
"369",2017-01-19,2.561,0.0085
"370",2017-01-19,2.61001,0.0198
"371",2017-01-19,2.60714,0.0049
"372",2017-01-19,2.64979,0.0193
"373",2017-01-19,2.70665,0.0178
"374",2017-01-19,2.78275,0.0148
"375",2017-01-20,2.76247,0.0046
"376",2017-01-20,2.78512,0.0148
"377",2017-01-20,2.81242,0.0431
"378",2017-01-20,2.81346,0.0179
"379",2017-01-20,2.8395,0.0401
"380",2017-01-20,2.97708,0.1819
"381",2017-01-20,2.92654,0.0457
"382",2017-01-20,3.03982,0.1178
"383",2017-01-20,2.73926,0.0415
"384",2017-01-20,2.55028,0.0701
"385",2017-01-20,2.4111,0.0164
"386",2017-01-20,2.39756,0.0066
"387",2017-01-20,2.37003,0.0125
"388",2017-01-20,2.33916,0.0066
"389",2017-01-20,2.36585,0.0055
"390",2017-01-20,2.35149,0.0073
"391",2017-01-20,2.36919,0.0145
"392",2017-01-20,2.40671,0.0174
"393",2017-01-20,2.53185,0.0748
"394",2017-01-20,2.64529,0.0973
"395",2017-01-20,2.84573,0.0709
"396",2017-01-20,2.8746,0.0317
"397",2017-01-20,2.88537,0.0115
"398",2017-01-20,2.90963,0.0244
"399",2017-01-21,NA,NA
"400",2017-01-21,2.93375,0.0266
"401",2017-01-21,2.92409,0.0238
"402",2017-01-21,3.06076,0.0506
"403",2017-01-21,3.08423,0.0586
"404",2017-01-21,3.13992,0.0763
"405",2017-01-21,3.11579,0.046
"406",2017-01-21,3.10143,0.0558
"407",2017-01-21,3.14166,0.0649
"408",2017-01-21,2.83928,0.0937
"409",2017-01-21,2.48959,0.1058
"410",2017-01-21,2.2286,0.0266
"411",2017-01-21,2.36165,0.0802
"412",2017-01-21,2.4596,0.0113
"413",2017-01-21,2.38511,0.0244
"414",2017-01-21,2.36834,0.0082
"415",2017-01-21,2.38851,0.0138
"416",2017-01-21,2.43832,0.0297
"417",2017-01-21,2.47585,0.0265
"418",2017-01-21,2.51357,0.0156
"419",2017-01-21,2.55945,0.0393
"420",2017-01-21,2.57626,0.0134
"421",2017-01-21,2.61074,0.0223
"422",2017-01-21,2.74089,0.1633
"423",2017-01-21,2.71364,0.0402
"424",2017-01-22,2.77916,0.0529
"425",2017-01-22,2.80187,0.0486
"426",2017-01-22,2.81519,0.0212
"427",2017-01-22,2.81525,0.0073
"428",2017-01-22,2.83595,0.0114
"429",2017-01-22,2.93978,0.0491
"430",2017-01-22,2.99617,0.0109
"431",2017-01-22,3.05049,0.0936
"432",2017-01-22,2.74007,0.049
"433",2017-01-22,2.62895,0.0152
"434",2017-01-22,2.61923,0.0133
"435",2017-01-22,2.66006,0.0134
"436",2017-01-22,2.70349,0.0107
"437",2017-01-22,2.61586,0.0413
"438",2017-01-22,2.46259,0.0165
"439",2017-01-22,2.42697,0.0086
"440",2017-01-22,2.45228,0.0438
"441",2017-01-22,2.48943,0.0492
"442",2017-01-22,2.56556,0.1
"443",2017-01-22,2.57205,0.0504
"444",2017-01-22,2.57413,0.0645
"445",2017-01-22,2.67026,0.1182
"446",2017-01-22,2.69339,0.0763
"447",2017-01-22,2.7937,0.1489
"448",2017-01-23,NA,NA
"449",2017-01-23,2.68632,0.0193
"450",2017-01-23,2.70912,0.0207
"451",2017-01-23,2.79568,0.0149
"452",2017-01-23,2.83361,0.0265
"453",2017-01-23,2.89037,0.0509
"454",2017-01-23,2.87765,0.0348
"455",2017-01-23,2.98493,0.0329
"456",2017-01-23,3.05631,0.0558
"457",2017-01-23,2.85483,0.0857
"458",2017-01-23,2.62543,0.037
"459",2017-01-23,2.47201,0.0309
"460",2017-01-23,2.41672,0.0103
"461",2017-01-23,2.42182,0.0125
"462",2017-01-23,2.39195,0.0051
"463",2017-01-23,2.33885,0.0089
"464",2017-01-23,2.33074,0.0046
"465",2017-01-23,2.33749,0.0258
"466",2017-01-23,2.3742,0.0738
"467",2017-01-23,2.42205,0.0176
"468",2017-01-23,2.44988,0.0262
"469",2017-01-23,2.49778,0.0071
"470",2017-01-23,2.5225,0.0154
"471",2017-01-23,2.59713,0.0248
"472",2017-01-23,2.61775,0.0248
"473",2017-01-24,2.66443,0.0223
"474",2017-01-24,2.75409,0.1022
"475",2017-01-24,2.75444,0.0565
"476",2017-01-24,2.75296,0.0348
"477",2017-01-24,2.74816,0.0409
"478",2017-01-24,2.79655,0.0215
"479",2017-01-24,2.82224,0.0451
"480",2017-01-24,2.81939,0.0126
"481",2017-01-24,2.6167,0.0375
"482",2017-01-24,2.48905,0.0397
"483",2017-01-24,2.35288,0.0324
"484",2017-01-24,2.22596,0.0314
"485",2017-01-24,2.14174,0.0165
"486",2017-01-24,2.15857,0.0254
"487",2017-01-24,2.15696,0.0112
"488",2017-01-24,2.14448,0.0083
"489",2017-01-24,2.22717,0.0401
"490",2017-01-24,2.4516,0.1038
"491",2017-01-24,2.74157,0.12
"492",2017-01-24,2.97522,0.1928
"493",2017-01-24,2.95733,0.0635
"494",2017-01-24,3.09544,0.1013
"495",2017-01-24,3.07288,0.0534
"496",2017-01-24,2.97607,0.067
"497",2017-01-25,NA,NA
"498",2017-01-25,3.02666,0.0361
"499",2017-01-25,3.1078,0.0928
"500",2017-01-25,3.1315,0.0514
"501",2017-01-25,3.12489,0.0676
"502",2017-01-25,3.26808,0.0575
"503",2017-01-25,3.34894,0.0554
"504",2017-01-25,3.4711,0.0256
"505",2017-01-25,3.48491,0.024
"506",2017-01-25,3.21867,0.0508
"507",2017-01-25,3.18072,0.0671
"508",2017-01-25,2.97084,0.038
"509",2017-01-25,2.93708,0.04
"510",2017-01-25,2.91874,0.0586
"511",2017-01-25,3.13671,0.0349
"512",2017-01-25,3.1084,0.0184
"513",2017-01-25,3.08984,0.0122
"514",2017-01-25,3.16524,0.0677
"515",2017-01-25,3.3142,0.0849
"516",2017-01-25,3.38792,0.0327
"517",2017-01-25,3.54398,0.0561
"518",2017-01-25,3.75612,0.0204
"519",2017-01-25,3.90491,0.1319
"520",2017-01-25,3.89406,0.0415
"521",2017-01-25,3.89869,0.0142
"522",2017-01-26,3.92971,0.0072
"523",2017-01-26,3.95567,0.0494
"524",2017-01-26,3.9717,0.0383
"525",2017-01-26,3.96138,0.0455
"526",2017-01-26,4.07046,0.0577
"527",2017-01-26,3.95379,0.0193
"528",2017-01-26,3.95972,0.0361
"529",2017-01-26,3.90508,0.0317
"530",2017-01-26,3.85373,0.0367
"531",2017-01-26,3.803,0.0402
"532",2017-01-26,3.88191,0.02
"533",2017-01-26,3.83387,0.0098
"534",2017-01-26,3.69111,0.0584
"535",2017-01-26,3.48837,0.0653
"536",2017-01-26,2.23491,0.0225
"537",2017-01-26,2.02841,0.1003
"538",2017-01-26,1.9676,0.0172
"539",2017-01-26,2.008,0.025
"540",2017-01-26,2.21317,0.0659
"541",2017-01-26,2.3439,0.0141
"542",2017-01-26,2.26718,0.0224
"543",2017-01-26,2.21245,0.02
"544",2017-01-26,2.19115,0.0181
"545",2017-01-26,2.23303,0.0787
"546",2017-01-27,NA,NA
"547",2017-01-27,2.23402,0.0151
"548",2017-01-27,2.27042,0.0119
"549",2017-01-27,2.36726,0.0591
"550",2017-01-27,2.49608,0.0294
"551",2017-01-27,2.45371,0.0504
"552",2017-01-27,2.52111,0.0738
"553",2017-01-27,2.54046,0.0602
"554",2017-01-27,2.66218,0.1494
"555",2017-01-27,2.26592,0.0552
"556",2017-01-27,2.10833,0.0464
"557",2017-01-27,1.97976,0.0261
"558",2017-01-27,1.97918,0.0708
"559",2017-01-27,2.23232,0.0173
"560",2017-01-27,2.23478,0.0491
"561",2017-01-27,2.20334,0.0117
"562",2017-01-27,2.25394,0.0132
"563",2017-01-27,2.27922,0.0106
"564",2017-01-27,2.32581,0.0132
"565",2017-01-27,2.38075,0.0149
"566",2017-01-27,2.40626,0.0077
"567",2017-01-27,2.46178,0.0397
"568",2017-01-27,2.52231,0.042
"569",2017-01-27,2.5848,0.1037
"570",2017-01-27,2.59877,0.1023
"571",2017-01-28,2.61795,0.0914
"572",2017-01-28,2.59811,0.0457
"573",2017-01-28,2.57707,0.0229
"574",2017-01-28,2.62785,0.0357
"575",2017-01-28,2.70598,0.1202
"576",2017-01-28,2.70329,0.0351
"577",2017-01-28,2.69032,0.0313
"578",2017-01-28,2.6789,0.0141
"579",2017-01-28,2.73602,0.0242
"580",2017-01-28,2.68609,0.0128
"581",2017-01-28,2.70974,0.0235
"582",2017-01-28,2.64651,0.0146
"583",2017-01-28,2.67437,0.0213
"584",2017-01-28,2.67207,0.0095
"585",2017-01-28,2.65122,0.0066
"586",2017-01-28,2.66185,0.0094
"587",2017-01-28,2.72945,0.0329
"588",2017-01-28,2.80647,0.0459
"589",2017-01-28,2.96794,0.0413
"590",2017-01-28,3.04232,0.0653
"591",2017-01-28,2.98753,0.0582
"592",2017-01-28,3.05885,0.0543
"593",2017-01-28,3.16072,0.1387
"594",2017-01-28,2.99731,0.0388
"595",2017-01-29,NA,NA
"596",2017-01-29,2.87989,0.0564
"597",2017-01-29,2.37885,0.086
"598",2017-01-29,2.4522,0.0094
"599",2017-01-29,2.4599,0.0181
"600",2017-01-29,2.38614,0.0175
"601",2017-01-29,2.35762,0.0035
"602",2017-01-29,2.38024,0.019
"603",2017-01-29,2.39179,0.0057
"604",2017-01-29,2.37497,0.0067
"605",2017-01-29,2.46519,0.0632
"606",2017-01-29,2.62884,0.0151
"607",2017-01-29,2.65703,0.0217
"608",2017-01-29,2.5866,0.0169
"609",2017-01-29,2.87149,0.1605
"610",2017-01-29,3.22349,0.0248
"611",2017-01-29,3.31105,0.0169
"612",2017-01-29,3.34862,0.0087
"613",2017-01-29,3.36507,0.0042
"614",2017-01-29,3.33428,0.0105
"615",2017-01-29,3.34085,0.0155
"616",2017-01-29,3.39624,0.0192
"617",2017-01-29,3.45606,0.0103
"618",2017-01-29,3.50468,0.0251
"619",2017-01-29,3.56664,0.0088
"620",2017-01-30,3.59874,0.0146
"621",2017-01-30,3.67591,0.0247
"622",2017-01-30,3.69569,0.0044
"623",2017-01-30,3.72786,0.0253
"624",2017-01-30,3.77517,0.0089
"625",2017-01-30,3.8561,0.059
"626",2017-01-30,4.06659,0.1157
"627",2017-01-30,3.98077,0.0451
"628",2017-01-30,3.6096,0.0631
"629",2017-01-30,3.46562,0.034
"630",2017-01-30,3.35776,0.022
"631",2017-01-30,3.33959,0.006
"632",2017-01-30,3.30789,0.0083
"633",2017-01-30,3.26361,0.0191
"634",2017-01-30,3.20368,0.0155
"635",2017-01-30,3.17167,0.0107
"636",2017-01-30,3.22713,0.0327
"637",2017-01-30,3.40273,0.0661
"638",2017-01-30,3.75974,0.1267
"639",2017-01-30,3.75835,0.0807
"640",2017-01-30,3.82005,0.0251
"641",2017-01-30,3.87839,0.0615
"642",2017-01-30,3.8232,0.0176
"643",2017-01-30,3.82162,0.0172
"644",2017-01-31,NA,NA
"645",2017-01-31,3.81128,0.0215
"646",2017-01-31,3.82742,0.0193
"647",2017-01-31,3.82757,0.0324
"648",2017-01-31,3.91764,0.0416
"649",2017-01-31,3.97814,0.0563
"650",2017-01-31,4.04277,0.1079
"651",2017-01-31,4.00397,0.0275
"652",2017-01-31,4.03242,0.0555
"653",2017-01-31,3.78392,0.087
"654",2017-01-31,3.55031,0.0465
"655",2017-01-31,3.48711,0.0154
"656",2017-01-31,3.43993,0.0358
"657",2017-01-31,3.27684,0.0297
"658",2017-01-31,3.16149,0.044
"659",2017-01-31,3.05788,0.019
"660",2017-01-31,3.01648,0.0125
"661",2017-01-31,3.09904,0.0398
"662",2017-01-31,3.21139,0.0314
"663",2017-01-31,3.31073,0.0521
"664",2017-01-31,3.3329,0.0889
"665",2017-01-31,3.13553,0.0204
"666",2017-01-31,3.12806,0.0179
"667",2017-01-31,3.17249,0.0265
"668",2017-01-31,3.27998,0.0895
"669",2017-02-01,3.3179,0.039
"670",2017-02-01,3.3532,0.0235
"671",2017-02-01,3.39674,0.0107
"672",2017-02-01,3.39716,0.0055
"673",2017-02-01,3.41427,0.0212
"674",2017-02-01,3.49534,0.0245
"675",2017-02-01,3.55923,0.0196
"676",2017-02-01,3.57185,0.0308
"677",2017-02-01,3.25984,0.0439
"678",2017-02-01,3.19733,0.0123
"679",2017-02-01,3.17493,0.0078
"680",2017-02-01,3.11858,0.0312
"681",2017-02-01,3.01456,0.0129
"682",2017-02-01,2.95952,0.0251
"683",2017-02-01,2.8507,0.0196
"684",2017-02-01,2.82327,0.0097
"685",2017-02-01,2.91224,0.0383
"686",2017-02-01,3.05091,0.0724
"687",2017-02-01,3.22055,0.0439
"688",2017-02-01,3.29495,0.0258
"689",2017-02-01,3.37356,0.0184
"690",2017-02-01,3.49458,0.0969
"691",2017-02-01,3.70472,0.1906
"692",2017-02-01,3.74985,0.1441
"693",2017-02-02,NA,NA
"694",2017-02-02,3.78117,0.0537
"695",2017-02-02,3.79553,0.0551
"696",2017-02-02,3.78327,0.0363
"697",2017-02-02,3.7977,0.0262
"698",2017-02-02,3.78841,0.0285
"699",2017-02-02,3.824,0.0108
"700",2017-02-02,3.83298,0.0247
"701",2017-02-02,3.89627,0.0299
"702",2017-02-02,3.5998,0.0713
"703",2017-02-02,3.49118,0.0321
"704",2017-02-02,3.33067,0.0397
"705",2017-02-02,3.21049,0.0318
"706",2017-02-02,3.08146,0.0192
"707",2017-02-02,2.95471,0.0442
"708",2017-02-02,2.81734,0.0079
"709",2017-02-02,2.8054,0.0099
"710",2017-02-02,2.92494,0.0845
"711",2017-02-02,3.10692,0.0638
"712",2017-02-02,3.27775,0.0271
"713",2017-02-02,3.36547,0.0343
"714",2017-02-02,3.54065,0.1348
"715",2017-02-02,3.50481,0.135
"716",2017-02-02,3.57086,0.0371
"717",2017-02-02,3.66329,0.1539
"718",2017-02-03,3.7282,0.1915
"719",2017-02-03,3.73226,0.0678
"720",2017-02-03,3.83821,0.0429
"721",2017-02-03,3.90393,0.0229
"722",2017-02-03,3.90542,0.0286
"723",2017-02-03,3.88642,0.0307
"724",2017-02-03,3.92722,0.0561
"725",2017-02-03,3.81933,0.0484
"726",2017-02-03,3.6021,0.0548
"727",2017-02-03,3.56357,0.0292
"728",2017-02-03,3.46554,0.025
"729",2017-02-03,3.33728,0.0501
"730",2017-02-03,3.2334,0.0313
"731",2017-02-03,3.29761,0.151
"732",2017-02-03,3.47876,0.0227
"733",2017-02-03,3.49098,0.0269
"734",2017-02-03,3.54869,0.0173
"735",2017-02-03,3.73064,0.0669
"736",2017-02-03,4.0495,0.0815
"737",2017-02-03,4.32132,0.0778
"738",2017-02-03,4.57963,0.0518
"739",2017-02-03,4.67271,0.0158
"740",2017-02-03,4.61526,0.0753
"741",2017-02-03,4.49389,0.1249
"742",2017-02-04,NA,NA
"743",2017-02-04,4.44267,0.045
"744",2017-02-04,4.56951,0.0285
"745",2017-02-04,4.52157,0.025
"746",2017-02-04,4.45813,0.0169
"747",2017-02-04,4.42389,0.0792
"748",2017-02-04,4.59202,0.114
"749",2017-02-04,4.60772,0.0717
"750",2017-02-04,4.56271,0.0605
"751",2017-02-04,4.4296,0.0287
"752",2017-02-04,4.25831,0.0645
"753",2017-02-04,4.02379,0.0607
"754",2017-02-04,3.77865,0.0565
"755",2017-02-04,3.64509,0.0576
"756",2017-02-04,3.53839,0.0441
"757",2017-02-04,3.385,0.0331
"758",2017-02-04,3.30686,0.0235
"759",2017-02-04,3.42,0.0228
"760",2017-02-04,3.38246,0.0542
"761",2017-02-04,3.09497,0.3526
"762",2017-02-04,2.51793,0.0108
"763",2017-02-04,2.53656,0.0102
"764",2017-02-04,2.57786,0.0088
"765",2017-02-04,2.60955,0.0093
"766",2017-02-04,2.71204,0.0664
"767",2017-02-05,2.8966,0.0559
"768",2017-02-05,2.8923,0.045
"769",2017-02-05,2.9595,0.0211
"770",2017-02-05,2.93484,0.009
"771",2017-02-05,2.92722,0.0113
"772",2017-02-05,2.90937,0.0121
"773",2017-02-05,2.94399,0.0233
"774",2017-02-05,3.01094,0.0396
"775",2017-02-05,2.64896,0.0497
"776",2017-02-05,2.29281,0.1584
"777",2017-02-05,1.92593,0.0484
"778",2017-02-05,1.81077,0.0233
"779",2017-02-05,1.7915,0.0113
"780",2017-02-05,1.82545,0.0119
"781",2017-02-05,1.78769,0.0129
"782",2017-02-05,1.74983,0.0137
"783",2017-02-05,1.72035,0.0052
"784",2017-02-05,1.74642,0.0177
"785",2017-02-05,1.82691,0.026
"786",2017-02-05,1.93197,0.0593
"787",2017-02-05,2.20393,0.1738
"788",2017-02-05,2.1595,0.0318
"789",2017-02-05,2.25599,0.1231
"790",2017-02-05,2.24775,0.0133
"791",2017-02-06,NA,NA
"792",2017-02-06,2.34383,0.041
"793",2017-02-06,2.46811,0.0217
"794",2017-02-06,2.50941,0.0027
"795",2017-02-06,2.5172,0.0052
"796",2017-02-06,2.54741,0.0071
"797",2017-02-06,2.55832,0.0049
"798",2017-02-06,2.58974,0.0084
"799",2017-02-06,2.59502,0.0163
"800",2017-02-06,2.34757,0.0418
"801",2017-02-06,2.29234,0.0028
"802",2017-02-06,2.28714,0.005
"803",2017-02-06,2.27024,0.0058
"804",2017-02-06,2.26918,0.0025
"805",2017-02-06,2.26485,0.0115
"806",2017-02-06,2.1517,0.0239
"807",2017-02-06,2.08101,0.014
"808",2017-02-06,2.09192,0.0266
"809",2017-02-06,2.20815,0.0833
"810",2017-02-06,2.43077,0.0679
"811",2017-02-06,2.52064,0.0346
"812",2017-02-06,2.57611,0.0234
"813",2017-02-06,2.69724,0.0716
"814",2017-02-06,2.91413,0.0568
"815",2017-02-06,2.97605,0.0762
"816",2017-02-07,3.13922,0.0647
"817",2017-02-07,3.10306,0.0696
"818",2017-02-07,2.94893,0.0372
"819",2017-02-07,2.98011,0.0958
"820",2017-02-07,2.96567,0.0652
"821",2017-02-07,2.99027,0.0366
"822",2017-02-07,2.99807,0.0423
"823",2017-02-07,3.05152,0.07
"824",2017-02-07,3.01153,0.0079
"825",2017-02-07,3.01217,0.0088
"826",2017-02-07,3.02916,0.0533
"827",2017-02-07,2.91737,0.0307
"828",2017-02-07,2.90804,0.032
"829",2017-02-07,2.9501,0.0245
"830",2017-02-07,3.04189,0.0213
"831",2017-02-07,2.91962,0.0478
"832",2017-02-07,2.90401,0.0259
"833",2017-02-07,2.96521,0.0246
"834",2017-02-07,3.04292,0.0153
"835",2017-02-07,3.13196,0.0704
"836",2017-02-07,3.14387,0.0486
"837",2017-02-07,3.10438,0.0447
"838",2017-02-07,3.15624,0.0361
"839",2017-02-07,3.23524,0.1182
"840",2017-02-08,NA,NA
"841",2017-02-08,3.24062,0.0846
"842",2017-02-08,3.14663,0.0323
"843",2017-02-08,3.17464,0.0126
"844",2017-02-08,3.20675,0.0351
"845",2017-02-08,3.2602,0.0606
"846",2017-02-08,2.91828,0.0589
"847",2017-02-08,2.77206,0.0081
"848",2017-02-08,2.76996,0.0056
"849",2017-02-08,2.54705,0.0534
"850",2017-02-08,2.41865,0.0259
"851",2017-02-08,2.37255,0.0034
"852",2017-02-08,2.39108,0.0127
"853",2017-02-08,2.46568,0.0125
"854",2017-02-08,2.47319,0.0095
"855",2017-02-08,2.41855,0.0168
"856",2017-02-08,2.35843,0.0097
"857",2017-02-08,2.39313,0.015
"858",2017-02-08,2.4633,0.023
"859",2017-02-08,2.53231,0.0172
"860",2017-02-08,2.58742,0.0158
"861",2017-02-08,2.65215,0.0115
"862",2017-02-08,2.72134,0.054
"863",2017-02-08,2.82749,0.0405
"864",2017-02-08,2.9275,0.0512
"865",2017-02-09,2.98904,0.0275
"866",2017-02-09,3.03436,0.043
"867",2017-02-09,3.02663,0.0312
"868",2017-02-09,3.00793,0.0185
"869",2017-02-09,2.98775,0.0054
"870",2017-02-09,2.98681,0.01
"871",2017-02-09,2.98103,0.0031
"872",2017-02-09,2.97904,0.0298
"873",2017-02-09,2.65643,0.0517
"874",2017-02-09,2.54672,0.0099
"875",2017-02-09,2.52258,0.0095
"876",2017-02-09,2.51594,0.0051
"877",2017-02-09,2.51952,0.0035
"878",2017-02-09,2.50909,0.011
"879",2017-02-09,2.46731,0.0035
"880",2017-02-09,2.48268,0.0109
"881",2017-02-09,2.49683,0.0057
"882",2017-02-09,2.52833,0.0249
"883",2017-02-09,2.56925,0.0064
"884",2017-02-09,2.60322,0.0148
"885",2017-02-09,2.6983,0.0512
"886",2017-02-09,2.81599,0.1033
"887",2017-02-09,2.85593,0.0313
"888",2017-02-09,2.96861,0.1087
"889",2017-02-10,NA,NA
"890",2017-02-10,2.86413,0.0131
"891",2017-02-10,2.83969,0.0097
"892",2017-02-10,2.81815,0.0028
"893",2017-02-10,2.8125,0.0049
"894",2017-02-10,2.84639,0.0208
"895",2017-02-10,2.8814,0.0129
"896",2017-02-10,2.95692,0.1228
"897",2017-02-10,2.9568,0.0476
"898",2017-02-10,2.59493,0.0554
"899",2017-02-10,2.5002,0.0067
"900",2017-02-10,2.46877,0.0229
"901",2017-02-10,2.36524,0.0345
"902",2017-02-10,2.28107,0.0043
"903",2017-02-10,2.25846,0.0185
"904",2017-02-10,2.18127,0.012
"905",2017-02-10,2.14851,0.005
"906",2017-02-10,2.18874,0.0128
"907",2017-02-10,2.23541,0.0282
"908",2017-02-10,2.3274,0.0358
"909",2017-02-10,2.4571,0.092
"910",2017-02-10,2.55669,0.036
"911",2017-02-10,2.59306,0.0175
"912",2017-02-10,2.66948,0.0229
"913",2017-02-10,2.72818,0.05
"914",2017-02-11,2.80612,0.0831
"915",2017-02-11,2.83005,0.0644
"916",2017-02-11,2.78466,0.0257
"917",2017-02-11,2.78263,0.0677
"918",2017-02-11,2.83849,0.0337
"919",2017-02-11,2.96199,0.0694
"920",2017-02-11,2.93161,0.0299
"921",2017-02-11,2.90511,0.051
"922",2017-02-11,2.57722,0.0532
"923",2017-02-11,2.48499,0.0178
"924",2017-02-11,2.37731,0.048
"925",2017-02-11,2.22976,0.028
"926",2017-02-11,2.21005,0.0037
"927",2017-02-11,2.20671,0.0079
"928",2017-02-11,2.08447,0.0262
"929",2017-02-11,1.99408,0.0216
"930",2017-02-11,1.98107,0.0206
"931",2017-02-11,2.07923,0.0329
"932",2017-02-11,2.28349,0.1357
"933",2017-02-11,2.23933,0.067
"934",2017-02-11,2.30283,0.063
"935",2017-02-11,2.42816,0.1561
"936",2017-02-11,2.5486,0.0755
"937",2017-02-11,2.57675,0.0251
"938",2017-02-12,NA,NA
"939",2017-02-12,2.60823,0.0461
"940",2017-02-12,2.74854,0.1029
"941",2017-02-12,2.79512,0.0523
"942",2017-02-12,2.79807,0.0209
"943",2017-02-12,2.80929,0.0552
"944",2017-02-12,2.73442,0.0354
"945",2017-02-12,2.75338,0.0115
"946",2017-02-12,2.7735,0.019
"947",2017-02-12,2.51547,0.0456
"948",2017-02-12,2.38961,0.0327
"949",2017-02-12,2.27865,0.0313
"950",2017-02-12,2.1303,0.0436
"951",2017-02-12,2.04647,0.0207
"952",2017-02-12,1.96393,0.0259
"953",2017-02-12,1.85373,0.0141
"954",2017-02-12,1.84224,0.0175
"955",2017-02-12,1.88016,0.0281
"956",2017-02-12,2.1826,0.2175
"957",2017-02-12,2.77819,0.1538
"958",2017-02-12,3.09967,0.1882
"959",2017-02-12,3.23347,0.0529
"960",2017-02-12,3.07387,0.1524
"961",2017-02-12,2.9976,0.0989
"962",2017-02-12,3.03549,0.1174
"963",2017-02-13,3.18567,0.1064
"964",2017-02-13,3.25481,0.0637
"965",2017-02-13,3.10661,0.0607
"966",2017-02-13,3.02486,0.0902
"967",2017-02-13,2.85911,0.0675
"968",2017-02-13,2.8661,0.1048
"969",2017-02-13,2.91875,0.1571
"970",2017-02-13,3.13697,0.1501
"971",2017-02-13,2.57486,0.1318
"972",2017-02-13,2.24434,0.1276
"973",2017-02-13,1.94487,0.0718
"974",2017-02-13,1.82115,0.0245
"975",2017-02-13,1.72092,0.0242
"976",2017-02-13,1.64307,0.0156
"977",2017-02-13,1.61907,0.0107
"978",2017-02-13,1.56668,0.0215
"979",2017-02-13,1.53188,0.0137
"980",2017-02-13,1.64164,0.038
"981",2017-02-13,1.7878,0.0828
"982",2017-02-13,2.0172,0.1607
"983",2017-02-13,2.64781,0.0479
"984",2017-02-13,2.73643,0.0696
"985",2017-02-13,3.05781,0.1414
"986",2017-02-13,3.4898,0.0813
"987",2017-02-14,NA,NA
"988",2017-02-14,3.534,0.0429
"989",2017-02-14,3.5607,0.0263
"990",2017-02-14,3.46379,0.0799
"991",2017-02-14,3.3747,0.087
"992",2017-02-14,3.36715,0.1346
"993",2017-02-14,3.39021,0.0905
"994",2017-02-14,3.51811,0.0482
"995",2017-02-14,3.51022,0.0932
"996",2017-02-14,3.16426,0.0368
"997",2017-02-14,3.19873,0.0867
"998",2017-02-14,3.30429,0.015
"999",2017-02-14,3.27721,0.0214
"1000",2017-02-14,3.35784,0.0379
"1001",2017-02-14,3.26279,0.0877
"1002",2017-02-14,3.19278,0.0117
"1003",2017-02-14,3.22199,0.0178
"1004",2017-02-14,3.29903,0.0171
"1005",2017-02-14,3.34869,0.0214
"1006",2017-02-14,3.49118,0.0826
"1007",2017-02-14,3.55439,0.075
"1008",2017-02-14,3.63504,0.0259
"1009",2017-02-14,3.69683,0.0326
"1010",2017-02-14,3.7705,0.0332
"1011",2017-02-14,3.82464,0.0366
"1012",2017-02-15,3.87534,0.0541
"1013",2017-02-15,3.90578,0.0257
"1014",2017-02-15,3.93764,0.0117
"1015",2017-02-15,3.97827,0.0479
"1016",2017-02-15,3.93717,0.0583
"1017",2017-02-15,3.87538,0.0238
"1018",2017-02-15,3.86679,0.0453
"1019",2017-02-15,3.85641,0.0199
"1020",2017-02-15,3.8091,0.0152
"1021",2017-02-15,3.72388,0.0321
"1022",2017-02-15,3.58959,0.035
"1023",2017-02-15,3.45473,0.0469
"1024",2017-02-15,3.27182,0.0289
"1025",2017-02-15,2.96909,0.1161
"1026",2017-02-15,2.74378,0.0113
"1027",2017-02-15,2.76495,0.0343
"1028",2017-02-15,2.95139,0.047
"1029",2017-02-15,3.10053,0.0665
"1030",2017-02-15,3.31176,0.0689
"1031",2017-02-15,3.44847,0.0662
"1032",2017-02-15,3.52788,0.0412
"1033",2017-02-15,3.55262,0.0726
"1034",2017-02-15,3.60183,0.0995
"1035",2017-02-15,3.70451,0.1552
"1036",2017-02-16,NA,NA
"1037",2017-02-16,3.68634,0.0432
"1038",2017-02-16,3.6174,0.0622
"1039",2017-02-16,3.42141,0.0318
"1040",2017-02-16,3.3029,0.0448
"1041",2017-02-16,3.23444,0.0439
"1042",2017-02-16,3.11316,0.031
"1043",2017-02-16,2.97395,0.0708
"1044",2017-02-16,2.78315,0.0303
"1045",2017-02-16,2.57469,0.0782
"1046",2017-02-16,2.26687,0.1148
"1047",2017-02-16,2.18699,0.0074
"1048",2017-02-16,2.23808,0.0163
"1049",2017-02-16,2.24452,0.0026
"1050",2017-02-16,2.2402,0.0116
"1051",2017-02-16,2.20465,0.0021
"1052",2017-02-16,2.16514,0.0185
"1053",2017-02-16,2.14709,0.0035
"1054",2017-02-16,2.15022,0.0033
"1055",2017-02-16,2.15312,0.0031
"1056",2017-02-16,2.1833,0.0255
"1057",2017-02-16,2.26519,0.0044
"1058",2017-02-16,2.28884,0.0131
"1059",2017-02-16,2.33387,0.0121
"1060",2017-02-16,2.41029,0.0386
"1061",2017-02-17,2.49863,0.0381
"1062",2017-02-17,2.59894,0.0578
"1063",2017-02-17,2.73124,0.0745
"1064",2017-02-17,2.84501,0.1508
"1065",2017-02-17,2.87094,0.0223
"1066",2017-02-17,2.90861,0.0475
"1067",2017-02-17,2.93853,0.0289
"1068",2017-02-17,2.89149,0.0796
"1069",2017-02-17,2.3579,0.0734
"1070",2017-02-17,2.22099,0.0175
"1071",2017-02-17,2.17109,0.0111
"1072",2017-02-17,2.14135,0.0107
"1073",2017-02-17,2.15569,0.0169
"1074",2017-02-17,2.20851,0.0134
"1075",2017-02-17,2.18315,0.0127
"1076",2017-02-17,2.15989,0.0103
"1077",2017-02-17,2.1734,0.0183
"1078",2017-02-17,2.27323,0.0496
"1079",2017-02-17,2.4441,0.0606
"1080",2017-02-17,2.53133,0.0847
"1081",2017-02-17,2.54908,0.0365
"1082",2017-02-17,2.62817,0.0543
"1083",2017-02-17,2.74272,0.0918
"1084",2017-02-17,2.77318,0.0625
"1085",2017-02-18,NA,NA
"1086",2017-02-18,2.91068,0.1628
"1087",2017-02-18,2.86596,0.0477
"1088",2017-02-18,2.97095,0.0418
"1089",2017-02-18,3.01849,0.0545
"1090",2017-02-18,3.06918,0.0874
"1091",2017-02-18,3.10091,0.0418
"1092",2017-02-18,3.14299,0.0386
"1093",2017-02-18,3.2073,0.0484
"1094",2017-02-18,2.86259,0.0865
"1095",2017-02-18,2.63688,0.0295
"1096",2017-02-18,2.55354,0.0233
"1097",2017-02-18,2.56689,0.0317
"1098",2017-02-18,2.49046,0.0216
"1099",2017-02-18,2.43679,0.0172
"1100",2017-02-18,2.2192,0.0583
"1101",2017-02-18,2.04089,0.0436
"1102",2017-02-18,2.07756,0.038
"1103",2017-02-18,2.24341,0.0479
"1104",2017-02-18,2.46232,0.0635
"1105",2017-02-18,2.52067,0.0163
"1106",2017-02-18,2.46821,0.0138
"1107",2017-02-18,2.43701,0.0159
"1108",2017-02-18,2.61269,0.0643
"1109",2017-02-18,2.81312,0.0389
"1110",2017-02-19,2.78237,0.0413
"1111",2017-02-19,2.7786,0.0393
"1112",2017-02-19,2.74692,0.045
"1113",2017-02-19,2.81562,0.0335
"1114",2017-02-19,2.96778,0.0549
"1115",2017-02-19,3.05865,0.0502
"1116",2017-02-19,3.13621,0.1148
"1117",2017-02-19,3.11536,0.1019
"1118",2017-02-19,3.00044,0.0503
"1119",2017-02-19,2.8646,0.0488
"1120",2017-02-19,2.61178,0.0737
"1121",2017-02-19,2.37389,0.06
"1122",2017-02-19,2.13697,0.0852
"1123",2017-02-19,1.5368,0.0932
"1124",2017-02-19,1.40489,0.0116
"1125",2017-02-19,1.51161,0.0451
"1126",2017-02-19,1.64361,0.0297
"1127",2017-02-19,1.74425,0.0339
"1128",2017-02-19,1.89729,0.0441
"1129",2017-02-19,2.0343,0.0345
"1130",2017-02-19,2.16554,0.0249
"1131",2017-02-19,2.26955,0.0296
"1132",2017-02-19,2.36111,0.0199
"1133",2017-02-19,2.37914,0.0044
"1134",2017-02-20,NA,NA
"1135",2017-02-20,2.42558,0.0306
"1136",2017-02-20,2.52891,0.0324
"1137",2017-02-20,2.60535,0.0055
"1138",2017-02-20,2.60725,0.004
"1139",2017-02-20,2.65053,0.0189
"1140",2017-02-20,2.74305,0.031
"1141",2017-02-20,2.8367,0.0287
"1142",2017-02-20,2.87568,0.0535
"1143",2017-02-20,2.4564,0.0552
"1144",2017-02-20,2.39035,0.0097
"1145",2017-02-20,2.18979,0.0801
"1146",2017-02-20,1.95593,0.0538
"1147",2017-02-20,1.81627,0.0151
"1148",2017-02-20,1.73243,0.0398
"1149",2017-02-20,1.59942,0.0157
"1150",2017-02-20,1.53243,0.0219
"1151",2017-02-20,1.48377,0.023
"1152",2017-02-20,1.62333,0.0885
"1153",2017-02-20,1.58087,0.0401
"1154",2017-02-20,1.60744,0.0701
"1155",2017-02-20,1.70963,0.0329
"1156",2017-02-20,1.79014,0.0879
"1157",2017-02-20,1.78433,0.0932
"1158",2017-02-20,1.8271,0.0981
"1159",2017-02-21,1.85954,0.0721
"1160",2017-02-21,1.91051,0.0703
"1161",2017-02-21,1.89539,0.0434
"1162",2017-02-21,1.85982,0.0243
"1163",2017-02-21,1.87609,0.0229
"1164",2017-02-21,1.91861,0.058
"1165",2017-02-21,1.91276,0.0327
"1166",2017-02-21,1.92972,0.0272
"1167",2017-02-21,1.91247,0.0217
"1168",2017-02-21,1.88801,0.0213
"1169",2017-02-21,2.15787,0.0833
"1170",2017-02-21,2.18454,0.0134
"1171",2017-02-21,2.19811,0.0061
"1172",2017-02-21,2.14994,0.0575
"1173",2017-02-21,2.31122,0.0399
"1174",2017-02-21,2.41059,0.0277
"1175",2017-02-21,2.38348,0.0124
"1176",2017-02-21,2.25638,0.1022
"1177",2017-02-21,2.1127,0.0266
"1178",2017-02-21,2.07019,0.0187
"1179",2017-02-21,2.06748,0.0133
"1180",2017-02-21,2.08262,0.01
"1181",2017-02-21,2.08278,0.0078
"1182",2017-02-21,2.12532,0.0146
"1183",2017-02-22,NA,NA
"1184",2017-02-22,2.19096,0.0155
"1185",2017-02-22,2.21997,0.006
"1186",2017-02-22,2.24934,0.0071
"1187",2017-02-22,2.26763,0.0182
"1188",2017-02-22,2.25534,0.0098
"1189",2017-02-22,2.24555,0.0057
"1190",2017-02-22,2.20056,0.0169
"1191",2017-02-22,2.20903,0.0348
"1192",2017-02-22,2.09258,0.0536
"1193",2017-02-22,1.92807,0.0475
"1194",2017-02-22,1.7793,0.0354
"1195",2017-02-22,1.67926,0.016
"1196",2017-02-22,1.64929,0.0049
"1197",2017-02-22,1.65622,0.0066
"1198",2017-02-22,1.57932,0.0184
"1199",2017-02-22,1.57663,0.0286
"1200",2017-02-22,1.57345,0.045
"1201",2017-02-22,1.3912,0.0832
"1202",2017-02-22,1.35784,0.0235
"1203",2017-02-22,1.46187,0.0378
"1204",2017-02-22,1.63688,0.0118
"1205",2017-02-22,1.63604,0.0189
"1206",2017-02-22,1.61523,0.0641
"1207",2017-02-22,1.62152,0.0462
"1208",2017-02-23,1.62451,0.0212
"1209",2017-02-23,1.66522,0.0359
"1210",2017-02-23,1.70831,0.0237
"1211",2017-02-23,1.71728,0.0193
"1212",2017-02-23,1.79186,0.0488
"1213",2017-02-23,1.79449,0.0318
"1214",2017-02-23,1.87065,0.1083
"1215",2017-02-23,1.78326,0.0744
"1216",2017-02-23,1.30095,0.0868
"1217",2017-02-23,1.14714,0.0271
"1218",2017-02-23,1.06351,0.0185
"1219",2017-02-23,1.03938,0.0103
"1220",2017-02-23,1.10196,0.0213
"1221",2017-02-23,1.34845,0.131
"1222",2017-02-23,1.78913,0.0426
"1223",2017-02-23,1.76722,0.0502
"1224",2017-02-23,1.61517,0.0691
"1225",2017-02-23,1.59934,0.0978
"1226",2017-02-23,1.50576,0.0538
"1227",2017-02-23,1.49275,0.0658
"1228",2017-02-23,1.55675,0.0327
"1229",2017-02-23,1.61445,0.0632
"1230",2017-02-23,1.7165,0.0494
"1231",2017-02-23,1.82335,0.1173
"1232",2017-02-24,NA,NA
"1233",2017-02-24,1.84106,0.1
"1234",2017-02-24,1.80451,0.046
"1235",2017-02-24,1.89856,0.0484
"1236",2017-02-24,1.8823,0.0684
"1237",2017-02-24,1.89872,0.0657
"1238",2017-02-24,1.93111,0.0738
"1239",2017-02-24,1.92679,0.0888
"1240",2017-02-24,1.85383,0.0647
"1241",2017-02-24,1.35433,0.0725
"1242",2017-02-24,1.2157,0.0224
"1243",2017-02-24,1.13078,0.0286
"1244",2017-02-24,1.05171,0.0185
"1245",2017-02-24,1.02037,0.0042
"1246",2017-02-24,1.02752,0.0087
"1247",2017-02-24,1.03185,0.0093
"1248",2017-02-24,1.03022,0.0054
"1249",2017-02-24,1.06161,0.037
"1250",2017-02-24,1.21605,0.138
"1251",2017-02-24,1.27665,0.1252
"1252",2017-02-24,1.24635,0.0537
"1253",2017-02-24,1.28853,0.0541
"1254",2017-02-24,1.41439,0.1257
"1255",2017-02-24,1.35663,0.0512
"1256",2017-02-24,1.41748,0.0578
"1257",2017-02-25,1.48498,0.064
"1258",2017-02-25,1.5167,0.0307
"1259",2017-02-25,1.61267,0.0446
"1260",2017-02-25,1.69995,0.0835
"1261",2017-02-25,1.76695,0.101
"1262",2017-02-25,1.87641,0.1519
"1263",2017-02-25,1.77483,0.0228
"1264",2017-02-25,1.7606,0.0982
"1265",2017-02-25,1.22714,0.0897
"1266",2017-02-25,1.07791,0.0235
"1267",2017-02-25,0.97723,0.028
"1268",2017-02-25,0.91385,0.0218
"1269",2017-02-25,0.84979,0.0161
"1270",2017-02-25,0.80735,0.0147
"1271",2017-02-25,0.78428,0.0048
"1272",2017-02-25,0.78349,0.0071
"1273",2017-02-25,0.79197,0.0234
"1274",2017-02-25,0.89473,0.0906
"1275",2017-02-25,0.99441,0.0681
"1276",2017-02-25,1.07843,0.0277
"1277",2017-02-25,1.12405,0.0116
"1278",2017-02-25,1.15495,0.0171
"1279",2017-02-25,1.19237,0.0209
"1280",2017-02-25,1.26425,0.0746
"1281",2017-02-26,NA,NA
"1282",2017-02-26,1.35146,0.0898
"1283",2017-02-26,1.38606,0.0926
"1284",2017-02-26,1.42181,0.0431
"1285",2017-02-26,1.49207,0.0711
"1286",2017-02-26,1.54324,0.0536
"1287",2017-02-26,1.62172,0.076
"1288",2017-02-26,1.61657,0.0278
"1289",2017-02-26,1.54886,0.0547
"1290",2017-02-26,1.07038,0.0898
"1291",2017-02-26,0.94602,0.0133
"1292",2017-02-26,0.84007,0.0324
"1293",2017-02-26,0.75208,0.0138
"1294",2017-02-26,0.71515,0.0041
"1295",2017-02-26,0.71735,0.0112
"1296",2017-02-26,0.72283,0.0063
"1297",2017-02-26,0.74386,0.0181
"1298",2017-02-26,0.80898,0.0239
"1299",2017-02-26,1.00803,0.1793
"1300",2017-02-26,1.05735,0.0605
"1301",2017-02-26,1.32659,0.1473
"1302",2017-02-26,1.40053,0.0085
"1303",2017-02-26,1.41499,0.0387
"1304",2017-02-26,1.43081,0.0357
"1305",2017-02-26,1.48236,0.0243
"1306",2017-02-27,1.58504,0.0412
"1307",2017-02-27,1.62772,0.0409
"1308",2017-02-27,1.64064,0.0063
"1309",2017-02-27,1.66251,0.0102
"1310",2017-02-27,1.70323,0.0122
"1311",2017-02-27,1.80414,0.0999
"1312",2017-02-27,1.92744,0.0619
"1313",2017-02-27,1.91426,0.0522
"1314",2017-02-27,NA,NA
"1315",2017-02-27,1.29552,0.0385
"1316",2017-02-27,1.14115,0.0475
"1317",2017-02-27,1.08216,0.0155
"1318",2017-02-27,1.02185,0.0208
"1319",2017-02-27,1.03106,0.0281
"1320",2017-02-27,1.13149,0.0134
"1321",2017-02-27,1.17276,0.0565
"1322",2017-02-27,1.38309,0.0239
"1323",2017-02-27,1.44466,0.0734
"1324",2017-02-27,1.37004,0.0193
"1325",2017-02-27,1.41831,0.1273
"1326",2017-02-27,1.0284,0.1597
"1327",2017-02-27,1.01992,0.1698
"1328",2017-02-27,1.28736,0.0773
"1329",2017-02-27,1.2839,0.0789
"1330",2017-02-28,NA,NA
"1331",2017-03-07,0.21801,0.0064
"1332",2017-03-07,0.20397,0.0058
"1333",2017-03-07,0.18575,0.003
"1334",2017-03-07,0.16418,0.0167
"1335",2017-03-08,0.11789,0.0232
"1336",2017-03-08,0.16483,0.0031
"1337",2017-03-08,0.17062,9e-04
"1338",2017-03-08,0.17348,4e-04
"1339",2017-03-08,0.17029,0.0026
"1340",2017-03-08,0.15467,0.0024
"1341",2017-03-08,0.1325,0.0171
"1342",2017-03-09,NA,NA
"1343",2017-03-09,0.11702,0.0151
"1344",2017-03-09,0.14721,0.003
"1345",2017-03-09,0.15414,0.0015
"1346",2017-03-09,0.15629,7e-04
"1347",2017-03-09,0.15314,0.0021
"1348",2017-03-09,0.14197,0.0025
"1349",2017-03-09,0.12035,0.018
"1350",2017-03-10,0.11519,0.0146
"1351",2017-03-10,0.14063,0.0029
"1352",2017-03-10,0.1475,7e-04
"1353",2017-03-10,0.14785,9e-04
"1354",2017-03-10,0.14313,0.0025
"1355",2017-03-10,0.1306,0.0032
"1356",2017-03-10,0.10831,0.0177
"1357",2017-03-11,NA,NA
"1358",2017-03-11,0.10845,0.0214
"1359",2017-03-11,0.13647,0.0022
"1360",2017-03-11,0.13541,0.0035
"1361",2017-03-11,0.1289,0.0068
"1362",2017-03-11,0.10149,0.009
"1363",2017-03-12,0.14126,0.0193
"1364",2017-03-12,0.18312,0.0044
"1365",2017-03-12,0.191,7e-04
"1366",2017-03-12,0.19111,0.001
"1367",2017-03-12,0.1866,0.0026
"1368",2017-03-12,0.17374,0.0023
"1369",2017-03-12,0.14981,0.0209
"1370",2017-03-13,NA,NA
"1371",2017-03-13,0.13465,0.016
"1372",2017-03-13,0.16003,0.0016
"1373",2017-03-13,0.16344,8e-04
"1374",2017-03-13,0.16469,8e-04
"1375",2017-03-13,0.16246,0.0015
"1376",2017-03-13,0.15501,0.0026
"1377",2017-03-13,0.133,0.02
"1378",2017-03-14,0.12201,0.013
"1379",2017-03-14,0.14899,0.0034
"1380",2017-03-14,0.15866,0.0022
"1381",2017-03-14,0.16504,7e-04
"1382",2017-03-14,0.16341,0.0019
"1383",2017-03-14,0.14864,0.0037
"1384",2017-03-14,0.12304,0.0197
"1385",2017-03-15,NA,NA
"1386",2017-03-16,0.1313,0.0035
"1387",2017-03-16,0.1337,0.0031
"1388",2017-03-16,0.13567,0.0053
"1389",2017-03-16,0.12762,0.0029
"1390",2017-03-16,0.12092,0.0059
"1391",2017-03-17,0.11779,0.0098
"1392",2017-03-17,0.13611,0.0047
"1393",2017-03-17,0.13427,0.0024
"1394",2017-03-17,0.12458,0.0035
"1395",2017-03-18,NA,NA
"1396",2017-03-18,0.11191,0.0138
"1397",2017-03-18,0.13919,0.0026
"1398",2017-03-18,0.1415,4e-04
"1399",2017-03-18,0.13871,0.0016
"1400",2017-03-18,0.13358,0.003
"1401",2017-03-18,0.11903,0.0032
"1402",2017-03-19,0.11713,0.0046
"1403",2017-03-19,0.12663,0.0021
"1404",2017-03-19,0.12854,0.001
"1405",2017-03-19,0.12675,0.0025
"1406",2017-03-19,0.10894,0.0024
"1407",2017-03-19,NA,NA
"1408",2017-03-20,NA,NA
"1409",2017-03-20,NA,NA
"1410",2017-03-20,NA,NA
"1411",2017-03-20,NA,NA
"1412",2017-03-20,NA,NA
"1413",2017-03-20,NA,NA
"1414",2017-03-20,NA,NA
"1415",2017-03-20,NA,NA
"1416",2017-03-20,0.11083,0.0398
"1417",2017-03-21,0.13357,0.0145
"1418",2017-03-21,0.16392,0.0036
"1419",2017-03-21,0.17237,0.001
"1420",2017-03-21,0.17073,0.0014
"1421",2017-03-21,0.16115,0.0028
"1422",2017-03-21,0.14712,0.0046
"1423",2017-03-22,NA,NA
"1424",2017-03-22,0.11968,0.0047
"1425",2017-03-22,0.13443,0.0059
"1426",2017-03-22,0.13752,0.0031
"1427",2017-03-22,0.12443,0.0057
"1428",2017-03-23,NA,NA
"1429",2017-03-24,NA,NA
"1430",2017-03-25,0.15484,0.0079
"1431",2017-03-25,0.15516,0.0049
"1432",2017-03-25,0.16547,0.0021
"1433",2017-03-25,0.1566,0.0151
"1434",2017-03-26,NA,NA
"1435",2017-03-26,0.12168,0.0082
"1436",2017-03-26,0.14777,0.005
"1437",2017-03-26,0.11873,0.0338
"1438",2017-03-26,0.12055,0.0113
"1439",2017-03-26,0.1112,0.017
"1440",2017-03-27,0.11916,0.0096
"1441",2017-03-27,0.13808,0.0017
"1442",2017-03-27,0.14191,0.0011
"1443",2017-03-27,0.14464,6e-04
"1444",2017-03-27,0.14404,0.0012
"1445",2017-03-27,0.13369,0.0036
"1446",2017-03-27,0.12095,0.0052
"1447",2017-03-28,NA,NA
"1448",2017-03-28,NA,NA
"1449",2017-03-28,0.11884,0.0021
"1450",2017-03-28,0.1293,0.001
"1451",2017-03-28,0.13209,7e-04
"1452",2017-03-28,0.13266,0.0012
"1453",2017-03-28,0.12679,0.0031
"1454",2017-03-28,0.11156,0.0031
"1455",2017-03-29,0.10691,0.0071
"1456",2017-03-29,0.11939,7e-04
"1457",2017-03-29,0.12209,0.0018
"1458",2017-03-29,0.12223,0.0018
"1459",2017-03-29,0.11597,0.0021
"1460",2017-03-29,0.10029,0.0035
"1461",2017-03-30,NA,NA
"1462",2017-03-30,NA,NA
"1463",2017-03-30,NA,NA
"1464",2017-03-30,NA,NA
"1465",2017-03-30,NA,NA
"1466",2017-03-30,NA,NA
"1467",2017-03-30,0.12659,0.001
"1468",2017-03-30,0.10294,0.0099
"1469",2017-03-30,NA,NA
"1470",2017-03-30,NA,NA
"1471",2017-03-30,NA,NA
"1472",2017-03-31,NA,NA
"1473",2017-03-31,NA,NA
"1474",2017-03-31,NA,NA
"1475",2017-03-31,NA,NA
"1476",2017-03-31,NA,NA
"1477",2017-03-31,NA,NA
"1478",2017-03-31,0.10122,0.0069
"1479",2017-03-31,0.12253,0.0051
"1480",2017-03-31,0.13018,4e-04
"1481",2017-03-31,0.12761,0.0049
"1482",2017-03-31,0.10565,0.0058
"1483",2017-04-01,NA,NA
"1484",2017-04-01,0.11062,0.0035
"1485",2017-04-01,0.1124,0.0028
"1486",2017-04-01,0.10589,0.0049
"1487",2017-04-01,0.10801,0.0037
"1488",2017-04-02,NA,NA
"1489",2017-04-02,NA,NA
"1490",2017-04-02,0.10761,0.0011
"1491",2017-04-02,0.10562,0.0027
"1492",2017-04-03,NA,NA
"1493",2017-04-03,NA,NA
"1494",2017-04-03,NA,NA
"1495",2017-04-05,NA,NA
"1496",2017-04-06,0.10398,7e-04
"1497",2017-04-06,0.10341,7e-04
"1498",2017-04-06,0.10377,8e-04
"1499",2017-04-06,0.10256,9e-04
"1500",2017-04-06,NA,NA
"1501",2017-04-06,NA,NA
"1502",2017-04-07,NA,NA
"1503",2017-04-07,NA,NA
"1504",2017-04-07,NA,NA
"1505",2017-04-07,NA,NA
"1506",2017-04-07,NA,NA
"1507",2017-04-07,NA,NA
"1508",2017-04-07,NA,NA
"1509",2017-04-07,NA,NA
"1510",2017-04-07,NA,NA
"1511",2017-04-07,NA,NA
"1512",2017-04-07,NA,NA
"1513",2017-04-07,NA,NA
"1514",2017-04-07,NA,NA
"1515",2017-04-07,NA,NA
"1516",2017-04-07,NA,NA
"1517",2017-04-07,NA,NA
"1518",2017-04-07,NA,NA
"1519",2017-04-07,NA,NA
"1520",2017-04-07,NA,NA
"1521",2017-04-07,NA,NA
"1522",2017-04-07,NA,NA
"1523",2017-04-07,NA,NA
"1524",2017-04-07,NA,NA
"1525",2017-04-08,NA,NA
"1526",2017-04-08,NA,NA
"1527",2017-04-08,NA,NA
"1528",2017-04-08,NA,NA
"1529",2017-04-08,0.10247,0.0169
"1530",2017-04-08,0.12734,0.0043
"1531",2017-04-08,0.10382,0.0025
"1532",2017-04-08,0.10412,0.0022
"1533",2017-04-08,0.10459,0.0025
"1534",2017-04-09,NA,NA
"1535",2017-04-09,0.10403,0.0096
"1536",2017-04-09,0.13429,0.0087
"1537",2017-04-09,0.14513,0.002
"1538",2017-04-09,0.15172,0.0027
"1539",2017-04-09,0.15573,0.005
"1540",2017-04-09,0.14272,0.0016
"1541",2017-04-09,0.12367,0.0013
"1542",2017-04-09,0.11102,0.011
"1543",2017-04-09,NA,NA
"1544",2017-04-10,NA,NA
"1545",2017-04-10,NA,NA
"1546",2017-04-10,NA,NA
"1547",2017-04-10,NA,NA
"1548",2017-04-10,NA,NA
"1549",2017-04-10,NA,NA
"1550",2017-04-10,NA,NA
"1551",2017-04-10,0.13641,NA
"1552",2017-04-10,0.13965,0.0022
"1553",2017-04-10,0.13385,0.0051
"1554",2017-04-10,0.1303,0.0015
"1555",2017-04-10,0.10967,0.0047
"1556",2017-04-11,NA,NA
"1557",2017-04-11,NA,NA
"1558",2017-04-11,NA,NA
"1559",2017-04-11,NA,NA
"1560",2017-04-11,NA,NA
"1561",2017-04-11,NA,NA
"1562",2017-04-11,NA,NA
"1563",2017-04-11,NA,NA
"1564",2017-04-11,NA,NA
"1565",2017-04-11,0.12552,0.0117
"1566",2017-04-23,NA,NA
"1567",2017-04-23,NA,NA
"1568",2017-04-23,NA,NA
"1569",2017-04-23,NA,NA
"1570",2017-04-23,NA,NA
"1571",2017-04-23,NA,NA
"1572",2017-04-24,NA,NA
"1573",2017-04-24,NA,NA
"1574",2017-04-24,NA,NA
"1575",2017-04-24,NA,NA
"1576",2017-04-24,NA,NA
"1577",2017-04-24,NA,NA
"1578",2017-04-24,NA,NA
"1579",2017-04-24,NA,NA
"1580",2017-04-24,NA,NA
"1581",2017-04-24,0.12233,0.0501
"1582",2017-04-24,0.14793,0.007
"1583",2017-04-25,0.10222,0.0199
"1584",2017-04-25,0.1277,0.003
"1585",2017-04-25,0.13496,0.0067
"1586",2017-04-25,0.15104,0.0091
"1587",2017-04-25,0.11844,0.008
"1588",2017-04-25,0.11068,0.0022
"1589",2017-04-25,0.16225,0.0022
"1590",2017-04-25,0.1483,0.0055
"1591",2017-04-25,0.12143,0.0099
"1592",2017-04-26,NA,NA
"1593",2017-04-26,0.13916,0.0046
"1594",2017-04-26,0.15048,0.0031
"1595",2017-04-26,0.16069,0.0022
"1596",2017-04-26,0.16501,7e-04
"1597",2017-04-26,0.16373,9e-04
"1598",2017-04-26,0.15978,0.002
"1599",2017-04-26,0.1464,0.0072
"1600",2017-04-26,0.1197,0.009
"1601",2017-04-27,0.14081,0.0049
"1602",2017-04-27,0.14966,0.0015
"1603",2017-04-27,0.15014,9e-04
"1604",2017-04-27,0.14596,0.0012
"1605",2017-04-27,0.14119,0.0014
"1606",2017-04-27,0.13,0.0078
"1607",2017-04-27,0.11731,0.0055
"1608",2017-04-28,0.12291,0.0042
"1609",2017-04-28,0.13096,9e-04
"1610",2017-04-28,0.13105,7e-04
"1611",2017-04-28,0.12785,0.0014
"1612",2017-04-28,0.12338,0.0015
"1613",2017-04-28,0.11656,0.0028
"1614",2017-04-28,0.10481,0.0021
"1615",2017-04-29,NA,NA
"1616",2017-04-29,0.11393,0.0033
"1617",2017-04-29,0.11942,5e-04
"1618",2017-04-29,0.11815,0.0015
"1619",2017-04-29,0.11156,0.0022
"1620",2017-04-29,0.10231,0.0025
"1621",2017-04-30,0.10836,0.0059
"1622",2017-04-30,0.11105,0.0016
"1623",2017-04-30,0.10715,9e-04
"1624",2017-04-30,0.10406,9e-04
"1625",2017-05-01,NA,NA
"1626",2017-05-01,0.12031,0.0045
"1627",2017-05-01,0.12915,0.0014
"1628",2017-05-01,0.12916,8e-04
"1629",2017-05-01,0.12646,7e-04
"1630",2017-05-01,0.12263,0.0018
"1631",2017-05-01,0.1168,0.0024
"1632",2017-05-01,0.10687,0.0021
"1633",2017-05-02,0.11296,0.005
"1634",2017-05-02,0.12372,0.0022
"1635",2017-05-02,0.12662,4e-04
"1636",2017-05-02,0.12371,0.0013
"1637",2017-05-02,0.11728,0.002
"1638",2017-05-02,0.10782,0.0038
"1639",2017-05-05,0.11551,0.0321
"1640",2017-05-05,0.16904,8e-04
"1641",2017-05-05,0.16942,0.0039
"1642",2017-05-05,0.17254,0.0016
"1643",2017-05-05,0.1705,0.0017
"1644",2017-05-05,0.16074,0.0018
"1645",2017-05-05,0.15028,0.0046
"1646",2017-05-05,0.12399,0.0085
"1647",2017-05-19,NA,NA
"1648",2017-05-19,NA,NA
"1649",2017-05-19,NA,NA
"1650",2017-05-19,NA,NA
"1651",2017-05-19,NA,NA
"1652",2017-05-19,NA,NA
"1653",2017-05-19,NA,NA
"1654",2017-05-19,NA,NA
"1655",2017-05-19,NA,NA
"1656",2017-05-20,0.13224,0.0047
"1657",2017-05-20,0.14726,0.0029
"1658",2017-05-20,0.1532,0.001
"1659",2017-05-20,0.15582,6e-04
"1660",2017-05-20,0.15675,0.0011
"1661",2017-05-20,0.15288,0.0017
"1662",2017-05-20,0.14458,0.0015
"1663",2017-05-20,0.13384,0.0061
"1664",2017-05-20,0.10189,0.0104
"1665",2017-05-21,NA,NA
"1666",2017-05-21,0.12804,0.0059
"1667",2017-05-21,0.14737,0.0045
"1668",2017-05-21,0.1577,0.0022
"1669",2017-05-21,0.1629,0.0013
"1670",2017-05-21,0.16404,9e-04
"1671",2017-05-21,0.15817,0.0052
"1672",2017-05-21,0.13926,0.0081
"1673",2017-05-21,0.13482,0.0045
"1674",2017-05-21,0.10091,0.0089
"1675",2017-05-23,NA,NA
"1676",2017-05-23,NA,NA
"1677",2017-05-23,NA,NA
"1678",2017-05-23,NA,NA
"1679",2017-05-23,NA,NA
"1680",2017-05-23,NA,NA
"1681",2017-05-23,NA,NA
"1682",2017-05-23,NA,NA
"1683",2017-05-23,NA,NA
"1684",2017-05-23,NA,NA
"1685",2017-05-23,NA,NA
"1686",2017-05-26,0.16574,0.0114
"1687",2017-05-26,0.14973,0.0026
"1688",2017-05-26,0.15536,8e-04
"1689",2017-05-26,NA,NA
"1690",2017-05-26,NA,NA
"1691",2017-05-26,NA,NA
"1692",2017-05-26,0.15103,0.0088
"1693",2017-05-26,0.1256,0.0037
"1694",2017-05-26,0.10746,0.0067
"1695",2017-05-26,NA,NA
"1696",2017-05-26,NA,NA
"1697",2017-05-27,NA,NA
"1698",2017-05-27,NA,NA
"1699",2017-05-27,NA,NA
"1700",2017-05-27,NA,NA
"1701",2017-05-27,NA,NA
"1702",2017-05-27,NA,NA
"1703",2017-05-27,NA,NA
"1704",2017-05-27,NA,NA
"1705",2017-05-27,NA,NA
"1706",2017-05-27,NA,NA
"1707",2017-05-27,NA,NA
"1708",2017-05-27,NA,NA
"1709",2017-05-28,NA,NA
"1710",2017-06-10,0.13419,0.0086
"1711",2017-06-10,0.14252,0.0069
"1712",2017-06-10,0.33733,0.1151
"1713",2017-06-10,0.37841,0.0415
"1714",2017-06-10,0.37024,0.0707
"1715",2017-06-10,0.27389,0.0361
"1716",2017-06-10,0.19312,0.0238
"1717",2017-06-10,0.13222,0.0392
"1718",2017-06-11,0.1102,0.0405
"1719",2017-06-11,0.24419,0.0263
"1720",2017-06-11,0.28123,0.0632
"1721",2017-06-11,0.33665,0.0563
"1722",2017-06-11,0.34656,0.0438
"1723",2017-06-11,0.40745,0.0345
"1724",2017-06-11,0.41429,0.0527
"1725",2017-06-11,0.38951,0.0297
"1726",2017-06-11,0.26478,0.0731
"1727",2017-06-12,0.1153,0.115
"1728",2017-06-12,0.1437,0.1158
"1729",2017-06-12,0.21459,0.1523
"1730",2017-06-12,0.14607,0.118
"1731",2017-06-12,0.29029,0.0136
"1732",2017-06-12,0.22031,0.0239
"1733",2017-06-12,0.12155,0.0297
"1734",2017-06-13,NA,NA
"1735",2017-06-13,NA,NA
"1736",2017-06-13,NA,NA
"1737",2017-06-13,NA,NA
"1738",2017-06-13,NA,NA
"1739",2017-06-13,NA,NA
"1740",2017-06-13,NA,NA
"1741",2017-06-13,NA,NA
"1742",2017-06-13,NA,NA
"1743",2017-06-13,NA,NA
"1744",2017-06-13,0.33023,0.068
"1745",2017-06-13,0.29222,0.0508
"1746",2017-06-13,0.22125,0.0253
"1747",2017-06-13,0.12733,0.0295
"1748",2017-06-13,NA,NA
"1749",2017-06-13,NA,NA
"1750",2017-06-13,NA,NA
"1751",2017-06-14,NA,NA
"1752",2017-06-14,NA,NA
"1753",2017-06-14,NA,NA
"1754",2017-06-14,NA,NA
"1755",2017-06-14,NA,NA
"1756",2017-06-14,NA,NA
"1757",2017-06-14,NA,NA
"1758",2017-06-14,NA,NA
"1759",2017-06-14,NA,NA
"1760",2017-06-14,NA,NA
"1761",2017-06-14,NA,NA
"1762",2017-06-14,0.41672,0.0061
"1763",2017-06-14,0.41953,0.0043
"1764",2017-06-14,0.38449,0.0236
"1765",2017-06-14,0.30558,0.0182
"1766",2017-06-14,0.24132,0.0313
"1767",2017-06-14,0.10742,0.0515
"1768",2017-06-15,NA,NA
"1769",2017-06-15,0.21795,0.0483
"1770",2017-06-15,0.3138,0.0341
"1771",2017-06-15,0.3675,0.0478
"1772",2017-06-15,0.40087,0.061
"1773",2017-06-15,0.43511,0.0097
"1774",2017-06-15,0.38549,0.0463
"1775",2017-06-15,0.32901,0.024
"1776",2017-06-15,0.26259,0.02
"1777",2017-06-15,0.16396,0.0279
"1778",2017-06-16,0.10725,0.0235
"1779",2017-06-16,0.23299,0.0257
"1780",2017-06-16,0.29925,0.0328
"1781",2017-06-16,0.35788,0.033
"1782",2017-06-16,0.38674,0.0481
"1783",2017-06-16,0.35261,0.0901
"1784",2017-06-16,0.39599,0.0291
"1785",2017-06-16,0.31017,0.1013
"1786",2017-06-16,0.18743,0.0599
"1787",2017-06-16,0.11097,0.0654
"1788",2017-06-17,NA,NA
"1789",2017-06-17,0.21935,0.0588
"1790",2017-06-17,0.21505,0.0559
"1791",2017-06-17,0.11618,0.0544
"1792",2017-06-17,0.22481,0.0573
"1793",2017-06-17,0.21679,0.1604
"1794",2017-06-17,0.20892,0.0799
"1795",2017-06-17,0.18411,0.0515
"1796",2017-06-18,0.16498,0.0357
"1797",2017-06-18,0.26094,0.0326
"1798",2017-06-18,0.3318,0.0139
"1799",2017-06-18,0.37581,0.0123
"1800",2017-06-18,0.37126,0.0076
"1801",2017-06-18,0.35079,0.0097
"1802",2017-06-28,0.18151,0.0506
"1803",2017-06-28,0.25896,0.0985
"1804",2017-06-28,0.17105,0.0556
"1805",2017-06-28,0.24127,0.0187
"1806",2017-06-28,0.17472,0.0293
"1807",2017-06-29,0.17192,0.0163
"1808",2017-06-29,0.22701,0.0343
"1809",2017-06-29,0.2893,0.0197
"1810",2017-06-29,0.33299,0.0144
"1811",2017-06-29,0.3201,0.0294
"1812",2017-06-29,0.28904,0.03
"1813",2017-06-29,0.25212,0.0154
"1814",2017-06-29,0.19826,0.0241
"1815",2017-06-29,0.11045,0.024
"1816",2017-06-30,NA,NA
"1817",2017-06-30,0.17454,0.0185
"1818",2017-06-30,0.23918,0.0234
"1819",2017-06-30,0.31242,0.0179
"1820",2017-06-30,0.35026,0.0084
"1821",2017-06-30,0.35007,0.0096
"1822",2017-06-30,0.32119,0.0138
"1823",2017-06-30,0.23919,0.0172
"1824",2017-06-30,0.17983,0.0263
"1825",2017-07-01,0.30977,0.0139
"1826",2017-07-01,0.34632,0.0087
"1827",2017-07-01,0.34468,0.0074
"1828",2017-07-01,0.31415,0.0154
"1829",2017-07-01,0.23281,0.0174
"1830",2017-07-01,0.16959,0.0248
"1831",2017-07-02,NA,NA
"1832",2017-07-02,0.11797,0.0485
"1833",2017-07-02,0.21161,0.0487
"1834",2017-07-02,0.27711,0.056
"1835",2017-07-02,0.28496,0.0803
"1836",2017-07-02,0.31032,0.05
"1837",2017-07-02,0.30893,0.0082
"1838",2017-07-03,0.17889,0.0252
"1839",2017-07-03,0.23031,0.0394
"1840",2017-07-03,0.30269,0.0186
"1841",2017-07-03,0.34547,0.0076
"1842",2017-07-03,0.34824,0.0103
"1843",2017-07-03,0.31386,0.0267
"1844",2017-07-03,0.24765,0.0293
"1845",2017-07-03,0.12778,0.0823
"1846",2017-07-04,NA,NA
"1847",2017-07-04,0.10059,0.0061
"1848",2017-07-05,0.10807,0.0156
"1849",2017-07-05,0.13923,0.0125
"1850",2017-07-05,0.14863,0.0051
"1851",2017-07-05,0.1314,0.0126
"1852",2017-07-05,0.13873,0.009
"1853",2017-07-05,0.11704,0.0045
"1854",2017-07-05,0.10008,0.0083
"1855",2017-07-06,NA,NA
"1856",2017-07-06,NA,NA
"1857",2017-07-06,NA,NA
"1858",2017-07-06,NA,NA
"1859",2017-07-06,NA,NA
"1860",2017-07-06,NA,NA
"1861",2017-07-06,NA,NA
"1862",2017-07-06,NA,NA
"1863",2017-07-07,NA,NA
"1864",2017-07-07,NA,NA
"1865",2017-07-07,NA,NA
"1866",2017-07-07,NA,NA
"1867",2017-07-07,NA,NA
"1868",2017-07-07,0.13338,0.0142
"1869",2017-07-07,0.15295,0.0116
"1870",2017-07-07,0.16722,0.007
"1871",2017-07-07,0.16715,0.0025
"1872",2017-07-07,0.16437,0.0058
"1873",2017-07-07,0.17452,0.0066
"1874",2017-07-07,0.14961,0.0085
"1875",2017-07-07,0.1521,0.0044
"1876",2017-07-07,0.12027,0.0105
"1877",2017-07-08,NA,NA
"1878",2017-07-10,NA,NA
"1879",2017-07-10,0.23367,0.1701
"1880",2017-07-10,0.1138,0.0054
"1881",2017-07-10,0.1298,0.0091
"1882",2017-07-10,0.14833,0.0048
"1883",2017-07-10,0.13916,0.0026
"1884",2017-07-10,0.12228,0.006
"1885",2017-07-11,0.13309,0.0043
"1886",2017-07-11,0.14379,0.0042
"1887",2017-07-11,0.15373,0.0091
"1888",2017-07-11,0.14261,0.007
"1889",2017-07-11,0.13512,0.0129
"1890",2017-07-11,0.12879,0.0122
"1891",2017-07-12,NA,NA
"1892",2017-07-12,NA,NA
"1893",2017-07-14,NA,NA
"1894",2017-07-16,NA,NA
"1895",2017-07-18,NA,NA
"1896",2017-07-20,NA,NA
"1897",2017-07-22,NA,NA
"1898",2017-07-24,NA,NA
"1899",2017-07-26,NA,NA
"1900",2017-07-27,0.10398,0.0042
"1901",2017-07-27,0.10815,0.0182
"1902",2017-07-27,0.14563,0.0065
"1903",2017-07-27,0.14353,0.012
"1904",2017-07-27,0.13811,0.0102
"1905",2017-07-27,0.12551,0.0158
"1906",2017-07-28,NA,NA
"1907",2017-07-28,0.10254,0.0064
"1908",2017-07-28,0.12833,0.0132
"1909",2017-07-28,0.12386,0.0055
"1910",2017-07-28,0.13838,0.0091
"1911",2017-07-28,0.14841,0.0061
"1912",2017-07-28,0.13372,0.0041
"1913",2017-07-28,0.1251,0.0044
"1914",2017-07-28,0.11026,0.0043
"1915",2017-07-29,0.10179,0.0075
"1916",2017-07-29,0.12593,0.0067
"1917",2017-07-29,0.11566,0.0091
"1918",2017-07-29,0.13556,0.0192
"1919",2017-07-29,0.10225,0.0034
"1920",2017-07-30,NA,NA
"1921",2017-07-30,0.12375,0.0062
"1922",2017-07-30,0.13738,0.0032
"1923",2017-07-30,0.15385,0.0042
"1924",2017-07-30,0.14524,0.0026
"1925",2017-07-30,0.14978,0.0011
"1926",2017-07-30,0.14892,0.0015
"1927",2017-07-30,0.14913,0.0018
"1928",2017-07-30,0.13413,0.0062
"1929",2017-07-30,0.11129,0.0067
"1930",2017-07-31,0.11737,0.0068
"1931",2017-07-31,0.13539,0.0033
"1932",2017-07-31,0.15124,0.0033
"1933",2017-07-31,0.14882,0.001
"1934",2017-07-31,0.14765,0.0018
"1935",2017-07-31,0.15007,8e-04
"1936",2017-07-31,0.14975,0.0013
"1937",2017-07-31,0.13737,0.0047
"1938",2017-07-31,0.11085,0.0093
"1939",2017-08-01,NA,NA
"1940",2017-08-01,0.1101,0.0109
"1941",2017-08-01,0.13262,0.0039
"1942",2017-08-01,0.1285,0.0069
"1943",2017-08-01,0.13603,0.0052
"1944",2017-08-01,0.13348,0.0063
"1945",2017-08-01,0.11481,0.0071
"1946",2017-08-01,0.10023,0.0106
"1947",2017-08-02,0.1143,0.0139
"1948",2017-08-02,0.10841,0.0133
"1949",2017-08-02,0.1397,0.0067
"1950",2017-08-02,0.1145,0.0237
"1951",2017-08-03,NA,NA
"1952",2017-08-03,0.12021,0.0077
"1953",2017-08-03,0.13492,0.0025
"1954",2017-08-03,0.15041,0.0033
"1955",2017-08-03,0.14535,0.0021
"1956",2017-08-03,0.14461,0.0046
"1957",2017-08-03,0.14102,0.0066
"1958",2017-08-03,0.1541,0.0034
"1959",2017-08-03,0.13575,0.005
"1960",2017-08-03,0.11284,0.0091
"1961",2017-08-04,0.12383,0.0059
"1962",2017-08-04,0.1414,0.0062
"1963",2017-08-04,0.15105,0.0016
"1964",2017-08-04,0.15063,9e-04
"1965",2017-08-04,0.15309,0.0026
"1966",2017-08-04,0.15699,0.0017
"1967",2017-08-04,0.15641,0.0011
"1968",2017-08-04,0.13887,0.0134
"1969",2017-08-05,NA,NA
"1970",2017-08-05,0.12485,0.0059
"1971",2017-08-05,0.12903,0.0086
"1972",2017-08-05,0.11242,0.0278
"1973",2017-08-05,0.15085,0.0026
"1974",2017-08-05,0.1463,0.009
"1975",2017-08-05,0.15501,0.001
"1976",2017-08-05,0.14068,0.0096
"1977",2017-08-05,0.11243,0.0073
"1978",2017-08-06,0.11161,0.0028
"1979",2017-08-06,0.13,0.0064
"1980",2017-08-06,0.15028,7e-04
"1981",2017-08-06,0.15183,0.0012
"1982",2017-08-06,0.15203,0.0035
"1983",2017-08-06,0.14101,0.0156
"1984",2017-08-06,0.14343,0.0097
"1985",2017-08-06,0.12879,0.0081
"1986",2017-08-06,0.11743,0.0094
"1987",2017-08-07,NA,NA
"1988",2017-08-07,0.12407,0.0045
"1989",2017-08-07,0.1346,0.0033
"1990",2017-08-07,0.15296,0.002
"1991",2017-08-07,0.14841,0.002
"1992",2017-08-07,0.15041,0.001
"1993",2017-08-07,0.15059,0.0015
"1994",2017-08-07,0.15229,0.0051
"1995",2017-08-07,0.13914,0.0049
"1996",2017-08-07,0.1179,0.0069
"1997",2017-08-08,0.11405,0.0069
"1998",2017-08-08,0.12852,0.0114
"1999",2017-08-08,0.13772,0.0071
"2000",2017-08-08,0.14429,0.0054
"2001",2017-08-08,0.14617,0.0045
"2002",2017-08-08,0.12786,0.0117
"2003",2017-08-08,0.13881,0.0084
"2004",2017-08-08,0.1051,0.0066
"2005",2017-08-08,0.11488,0.0068
"2006",2017-08-09,NA,NA
"2007",2017-08-09,0.11815,0.0094
"2008",2017-08-09,0.12566,0.0013
"2009",2017-08-09,0.13278,0.0061
"2010",2017-08-09,0.13174,0.0072
"2011",2017-08-10,0.11417,0.0023
"2012",2017-08-10,0.1188,0.0166
"2013",2017-08-10,0.15094,0.0047
"2014",2017-08-10,0.12661,0.0097
"2015",2017-08-10,0.13785,0.0058
"2016",2017-08-10,0.13627,0.0097
"2017",2017-08-10,0.1181,0.0163
"2018",2017-08-11,NA,NA
"2019",2017-08-11,0.12905,0.0047
"2020",2017-08-11,0.13244,0.0039
"2021",2017-08-11,0.10339,0.0103
"2022",2017-08-14,NA,NA
"2023",2017-08-16,NA,NA
"2024",2017-08-16,NA,NA
"2025",2017-08-16,NA,NA
"2026",2017-08-16,NA,NA
"2027",2017-08-16,NA,NA
"2028",2017-08-16,NA,NA
"2029",2017-08-16,NA,NA
"2030",2017-08-17,0.11507,0.0053
"2031",2017-08-17,0.13563,0.0091
"2032",2017-08-17,0.14714,0.0026
"2033",2017-08-17,0.14347,0.0025
"2034",2017-08-17,0.14493,7e-04
"2035",2017-08-17,0.14312,0.0013
"2036",2017-08-17,0.14968,6e-04
"2037",2017-08-17,0.13835,0.0068
"2038",2017-08-17,0.11182,0.0078
"2039",2017-08-18,NA,NA
"2040",2017-08-18,0.12357,0.0141
"2041",2017-08-18,0.13648,0.0053
"2042",2017-08-18,0.13141,0.0087
"2043",2017-08-18,0.12681,0.008
"2044",2017-08-18,0.11572,0.003
"2045",2017-08-18,0.11866,0.0051
"2046",2017-08-19,0.11555,0.0099
"2047",2017-08-19,0.13771,0.0113
"2048",2017-08-19,0.15067,0.0021
"2049",2017-08-19,0.15057,0.0042
"2050",2017-08-19,0.12857,0.0129
"2051",2017-08-19,0.1078,0.017
"2052",2017-08-20,NA,NA
"2053",2017-08-20,0.12887,0.0109
"2054",2017-08-20,0.14212,0.0033
"2055",2017-08-20,0.1389,0.0055
"2056",2017-08-20,0.12955,0.014
"2057",2017-08-20,0.11208,0.019
"2058",2017-08-20,0.14174,0.0033
"2059",2017-08-20,0.12735,0.013
"2060",2017-08-21,0.10309,0.0087
"2061",2017-08-21,0.12944,0.0059
"2062",2017-08-21,0.13188,0.0049
"2063",2017-08-21,0.13896,0.0066
"2064",2017-08-21,0.13082,0.0075
"2065",2017-08-21,0.14062,0.0051
"2066",2017-08-21,0.14331,9e-04
"2067",2017-08-21,0.13045,0.0081
"2068",2017-08-22,NA,NA
"2069",2017-08-23,0.13826,0.0134
"2070",2017-08-23,0.14123,0.0021
"2071",2017-08-23,0.1426,0.0052
"2072",2017-08-23,0.14729,0.0023
"2073",2017-08-23,0.13899,0.0066
"2074",2017-08-23,0.13865,0.0119
"2075",2017-08-23,0.13963,0.0072
"2076",2017-08-24,NA,NA
"2077",2017-08-24,0.11381,0.0087
"2078",2017-08-24,0.13978,0.0052
"2079",2017-08-24,0.14174,0.006
"2080",2017-08-24,0.15003,0.0041
"2081",2017-08-24,0.15437,0.0053
"2082",2017-08-24,0.15359,0.0031
"2083",2017-08-24,0.1529,0.0024
"2084",2017-08-24,0.13418,0.0137
"2085",2017-08-24,0.11258,0.0086
"2086",2017-08-25,0.11914,0.0099
"2087",2017-08-25,0.14209,0.003
"2088",2017-08-25,0.13792,0.0038
"2089",2017-08-25,0.1457,0.0019
"2090",2017-08-25,0.15128,0.0028
"2091",2017-08-25,0.15161,0.0042
"2092",2017-08-25,0.15366,0.0023
"2093",2017-08-25,0.14167,0.0062
"2094",2017-08-25,0.11417,0.0099
"2095",2017-08-26,NA,NA
"2096",2017-08-26,0.11195,0.0107
"2097",2017-08-26,0.13972,0.0049
"2098",2017-08-26,0.13568,0.0039
"2099",2017-08-26,0.15079,0.0036
"2100",2017-08-26,0.14903,0.0041
"2101",2017-08-26,0.12835,0.0091
"2102",2017-08-26,0.11563,0.0032
"2103",2017-08-26,0.11158,0.0054
"2104",2017-08-28,NA,NA
"2105",2017-08-28,0.11029,0.0098
"2106",2017-08-28,0.1331,0.0038
"2107",2017-08-28,0.13866,0.0045
"2108",2017-08-28,0.15074,0.0031
"2109",2017-08-28,0.15159,0.0044
"2110",2017-08-28,0.14434,0.0021
"2111",2017-08-28,0.12361,0.0051
"2112",2017-08-28,0.10745,0.016
"2113",2017-08-30,NA,NA
"2114",2017-09-01,NA,NA
"2115",2017-09-03,NA,NA
"2116",2017-09-05,NA,NA
"2117",2017-09-07,NA,NA
"2118",2017-09-09,NA,NA
"2119",2017-09-12,NA,NA
"2120",2017-09-14,NA,NA
"2121",2017-09-16,NA,NA
"2122",2017-09-18,NA,NA
"2123",2017-09-20,NA,NA
"2124",2017-09-20,NA,NA
"2125",2017-10-10,NA,NA
"2126",2017-10-11,0.11595,0.0019
"2127",2017-10-11,0.12199,0.0059
"2128",2017-10-11,0.12658,0.0063
"2129",2017-10-11,0.11299,0.0084
"2130",2017-10-11,0.11687,0.0046
"2131",2017-10-11,0.10214,0.0069
"2132",2017-10-12,NA,NA
"2133",2017-10-12,0.10944,0.0151
"2134",2017-10-12,0.13551,0.0089
"2135",2017-10-12,0.10882,0.0024
"2136",2017-10-13,0.10971,0.0076
"2137",2017-10-13,0.12651,0.0047
"2138",2017-10-13,0.12991,0.0017
"2139",2017-10-13,0.13402,0.0033
"2140",2017-10-14,NA,NA
"2141",2017-10-14,0.10952,0.0052
"2142",2017-10-14,0.11375,0.0051
"2143",2017-10-14,0.1034,0.0102
"2144",2017-10-15,0.11355,0.017
"2145",2017-10-15,0.12449,0.0138
"2146",2017-10-15,0.11528,0.0109
"2147",2017-10-16,NA,NA
"2148",2017-10-16,0.11197,0.0131
"2149",2017-10-16,0.13088,0.0028
"2150",2017-10-16,0.12984,0.0026
"2151",2017-10-16,0.12804,0.0047
"2152",2017-10-16,0.11462,0.0028
"2153",2017-10-17,0.10754,0.0168
"2154",2017-10-17,0.1102,0.0059
"2155",2017-10-18,NA,NA
"2156",2017-10-19,0.10466,0.0104
"2157",2017-10-19,0.11678,0.0067
"2158",2017-10-19,0.1249,0.0018
"2159",2017-10-19,0.12482,0.0026
"2160",2017-10-19,0.11424,0.0043
"2161",2017-10-20,NA,NA
"2162",2017-10-20,NA,NA
"2163",2017-10-20,NA,NA
"2164",2017-10-21,NA,NA
"2165",2017-10-21,NA,NA
"2166",2017-10-21,NA,NA
"2167",2017-10-21,NA,NA
"2168",2017-10-21,NA,NA
"2169",2017-10-21,NA,NA
"2170",2017-10-21,NA,NA
"2171",2017-10-21,NA,NA
"2172",2017-10-21,NA,NA
"2173",2017-10-21,NA,NA
"2174",2017-10-21,NA,NA
"2175",2017-10-21,NA,NA
"2176",2017-10-21,NA,NA
"2177",2017-10-21,NA,NA
"2178",2017-10-21,NA,NA
"2179",2017-10-21,NA,NA
"2180",2017-10-21,NA,NA
"2181",2017-10-21,NA,NA
"2182",2017-10-21,NA,NA
"2183",2017-10-21,NA,NA
"2184",2017-10-21,NA,NA
"2185",2017-10-21,NA,NA
"2186",2017-10-21,NA,NA
"2187",2017-10-21,NA,NA
"2188",2017-10-22,NA,NA
"2189",2017-10-22,NA,NA
"2190",2017-10-22,NA,NA
"2191",2017-10-22,NA,NA
"2192",2017-10-22,NA,NA
"2193",2017-10-22,NA,NA
"2194",2017-10-22,NA,NA
"2195",2017-10-22,NA,NA
"2196",2017-10-22,NA,NA
"2197",2017-10-22,NA,NA
"2198",2017-10-22,NA,NA
"2199",2017-10-22,NA,NA
"2200",2017-10-22,NA,NA
"2201",2017-10-22,NA,NA
"2202",2017-10-22,NA,NA
"2203",2017-10-22,NA,NA
"2204",2017-10-22,NA,NA
"2205",2017-10-22,NA,NA
"2206",2017-10-22,NA,NA
"2207",2017-10-22,NA,NA
"2208",2017-10-22,NA,NA
"2209",2017-10-22,NA,NA
"2210",2017-10-22,NA,NA
"2211",2017-10-22,NA,NA
"2212",2017-10-22,NA,NA
"2213",2017-10-23,NA,NA
"2214",2017-10-23,NA,NA
"2215",2017-10-23,NA,NA
"2216",2017-10-23,NA,NA
"2217",2017-10-23,NA,NA
"2218",2017-10-23,NA,NA
"2219",2017-10-23,NA,NA
"2220",2017-10-23,NA,NA
"2221",2017-10-23,NA,NA
"2222",2017-10-23,NA,NA
"2223",2017-10-23,NA,NA
"2224",2017-10-23,NA,NA
"2225",2017-10-23,NA,NA
"2226",2017-10-23,NA,NA
"2227",2017-10-23,NA,NA
"2228",2017-10-23,NA,NA
"2229",2017-10-23,NA,NA
"2230",2017-10-23,NA,NA
"2231",2017-10-23,NA,NA
"2232",2017-10-23,NA,NA
"2233",2017-10-23,NA,NA
"2234",2017-10-23,NA,NA
"2235",2017-10-23,NA,NA
"2236",2017-10-23,NA,NA
"2237",2017-10-24,NA,NA
"2238",2017-10-24,NA,NA
"2239",2017-10-24,NA,NA
"2240",2017-10-24,NA,NA
"2241",2017-10-24,NA,NA
"2242",2017-10-24,NA,NA
"2243",2017-10-24,NA,NA
"2244",2017-10-24,NA,NA
"2245",2017-10-24,NA,NA
"2246",2017-10-24,NA,NA
"2247",2017-10-24,NA,NA
"2248",2017-10-24,NA,NA
"2249",2017-10-24,NA,NA
"2250",2017-10-24,NA,NA
"2251",2017-10-24,NA,NA
"2252",2017-10-24,NA,NA
"2253",2017-10-24,NA,NA
"2254",2017-10-24,NA,NA
"2255",2017-10-24,NA,NA
"2256",2017-10-24,NA,NA
"2257",2017-10-24,NA,NA
"2258",2017-10-24,NA,NA
"2259",2017-10-24,NA,NA
"2260",2017-10-24,NA,NA
"2261",2017-10-24,NA,NA
"2262",2017-10-25,NA,NA
"2263",2017-10-25,NA,NA
"2264",2017-10-25,NA,NA
"2265",2017-10-25,NA,NA
"2266",2017-10-25,NA,NA
"2267",2017-10-25,NA,NA
"2268",2017-10-25,NA,NA
"2269",2017-10-25,NA,NA
"2270",2017-10-25,NA,NA
"2271",2017-10-25,NA,NA
"2272",2017-10-25,NA,NA
"2273",2017-10-25,NA,NA
"2274",2017-10-25,NA,NA
"2275",2017-10-25,NA,NA
"2276",2017-10-25,NA,NA
"2277",2017-10-25,NA,NA
"2278",2017-10-25,NA,NA
"2279",2017-10-25,NA,NA
"2280",2017-10-25,NA,NA
"2281",2017-10-25,NA,NA
"2282",2017-10-25,NA,NA
"2283",2017-10-25,NA,NA
"2284",2017-10-25,NA,NA
"2285",2017-10-25,NA,NA
"2286",2017-10-26,NA,NA
"2287",2017-10-26,NA,NA
"2288",2017-10-26,NA,NA
"2289",2017-10-26,NA,NA
"2290",2017-10-26,NA,NA
"2291",2017-10-26,NA,NA
"2292",2017-10-26,NA,NA
"2293",2017-10-26,NA,NA
"2294",2017-10-26,NA,NA
"2295",2017-10-26,NA,NA
"2296",2017-10-26,NA,NA
"2297",2017-10-26,NA,NA
"2298",2017-10-26,NA,NA
"2299",2017-10-26,NA,NA
"2300",2017-10-26,NA,NA
"2301",2017-10-26,NA,NA
"2302",2017-10-26,NA,NA
"2303",2017-10-26,NA,NA
"2304",2017-10-26,NA,NA
"2305",2017-10-26,NA,NA
"2306",2017-10-26,NA,NA
"2307",2017-10-26,NA,NA
"2308",2017-10-26,NA,NA
"2309",2017-10-26,NA,NA
"2310",2017-10-26,NA,NA
"2311",2017-10-27,NA,NA
"2312",2017-10-27,NA,NA
"2313",2017-10-27,NA,NA
"2314",2017-10-27,NA,NA
"2315",2017-10-27,NA,NA
"2316",2017-10-27,NA,NA
"2317",2017-10-27,NA,NA
"2318",2017-10-27,NA,NA
"2319",2017-10-27,NA,NA
"2320",2017-10-27,NA,NA
"2321",2017-10-27,NA,NA
"2322",2017-10-27,NA,NA
"2323",2017-10-27,NA,NA
"2324",2017-10-27,NA,NA
"2325",2017-10-27,NA,NA
"2326",2017-10-27,NA,NA
"2327",2017-10-27,NA,NA
"2328",2017-10-27,NA,NA
"2329",2017-10-27,NA,NA
"2330",2017-10-27,NA,NA
"2331",2017-10-27,NA,NA
"2332",2017-10-27,NA,NA
"2333",2017-10-27,NA,NA
"2334",2017-10-27,NA,NA
"2335",2017-10-28,NA,NA
"2336",2017-10-28,NA,NA
"2337",2017-10-28,NA,NA
"2338",2017-10-28,NA,NA
"2339",2017-10-28,NA,NA
"2340",2017-10-28,NA,NA
"2341",2017-10-28,NA,NA
"2342",2017-10-28,NA,NA
"2343",2017-10-28,NA,NA
"2344",2017-10-28,NA,NA
"2345",2017-10-28,NA,NA
"2346",2017-10-28,NA,NA
"2347",2017-10-28,NA,NA
"2348",2017-10-28,NA,NA
"2349",2017-10-28,NA,NA
"2350",2017-10-28,NA,NA
"2351",2017-10-28,NA,NA
"2352",2017-10-28,NA,NA
"2353",2017-10-28,NA,NA
"2354",2017-10-28,NA,NA
"2355",2017-10-28,NA,NA
"2356",2017-10-28,NA,NA
"2357",2017-10-28,NA,NA
"2358",2017-10-28,NA,NA
"2359",2017-10-28,NA,NA
"2360",2017-10-29,NA,NA
"2361",2017-10-29,NA,NA
"2362",2017-10-29,NA,NA
"2363",2017-10-29,NA,NA
"2364",2017-10-29,NA,NA
"2365",2017-10-29,NA,NA
"2366",2017-10-29,NA,NA
"2367",2017-10-29,NA,NA
"2368",2017-10-29,NA,NA
"2369",2017-10-29,NA,NA
"2370",2017-10-29,NA,NA
"2371",2017-10-29,NA,NA
"2372",2017-10-29,NA,NA
"2373",2017-10-29,NA,NA
"2374",2017-10-29,NA,NA
"2375",2017-10-29,NA,NA
"2376",2017-10-29,NA,NA
"2377",2017-10-29,NA,NA
"2378",2017-10-29,NA,NA
"2379",2017-10-29,NA,NA
"2380",2017-10-29,NA,NA
"2381",2017-10-29,NA,NA
"2382",2017-10-29,NA,NA
"2383",2017-10-29,NA,NA
"2384",2017-10-30,NA,NA
"2385",2017-10-30,NA,NA
"2386",2017-10-30,NA,NA
"2387",2017-10-30,NA,NA
"2388",2017-10-30,NA,NA
"2389",2017-10-30,NA,NA
"2390",2017-10-30,NA,NA
"2391",2017-10-30,NA,NA
"2392",2017-10-30,NA,NA
"2393",2017-10-30,NA,NA
"2394",2017-10-30,NA,NA
"2395",2017-10-30,NA,NA
"2396",2017-10-30,NA,NA
"2397",2017-10-30,NA,NA
"2398",2017-10-30,NA,NA
"2399",2017-10-30,NA,NA
"2400",2017-10-30,NA,NA
"2401",2017-10-30,NA,NA
"2402",2017-10-30,NA,NA
"2403",2017-10-30,NA,NA
"2404",2017-10-30,NA,NA
"2405",2017-10-30,NA,NA
"2406",2017-10-30,NA,NA
"2407",2017-10-30,NA,NA
"2408",2017-10-30,NA,NA
"2409",2017-10-31,NA,NA
"2410",2017-10-31,NA,NA
"2411",2017-10-31,NA,NA
"2412",2017-10-31,NA,NA
"2413",2017-10-31,NA,NA
"2414",2017-10-31,NA,NA
"2415",2017-10-31,NA,NA
"2416",2017-10-31,NA,NA
"2417",2017-10-31,NA,NA
"2418",2017-10-31,NA,NA
"2419",2017-10-31,NA,NA
"2420",2017-10-31,NA,NA
"2421",2017-10-31,NA,NA
"2422",2017-10-31,NA,NA
"2423",2017-10-31,NA,NA
"2424",2017-10-31,NA,NA
"2425",2017-10-31,NA,NA
"2426",2017-10-31,NA,NA
"2427",2017-10-31,NA,NA
"2428",2017-10-31,NA,NA
"2429",2017-10-31,NA,NA
"2430",2017-10-31,NA,NA
"2431",2017-10-31,NA,NA
"2432",2017-10-31,NA,NA
"2433",2017-11-01,NA,NA
"2434",2017-11-01,NA,NA
"2435",2017-11-01,NA,NA
"2436",2017-11-01,NA,NA
"2437",2017-11-01,NA,NA
"2438",2017-11-01,NA,NA
"2439",2017-11-01,NA,NA
"2440",2017-11-01,NA,NA
"2441",2017-11-01,NA,NA
"2442",2017-11-01,NA,NA
"2443",2017-11-01,NA,NA
"2444",2017-11-01,NA,NA
"2445",2017-11-01,NA,NA
"2446",2017-11-01,NA,NA
"2447",2017-11-01,NA,NA
"2448",2017-11-01,NA,NA
"2449",2017-11-01,NA,NA
"2450",2017-11-01,NA,NA
"2451",2017-11-01,NA,NA
"2452",2017-11-01,NA,NA
"2453",2017-11-01,NA,NA
"2454",2017-11-01,NA,NA
"2455",2017-11-01,NA,NA
"2456",2017-11-01,NA,NA
"2457",2017-11-01,NA,NA
"2458",2017-11-02,NA,NA
"2459",2017-11-02,NA,NA
"2460",2017-11-02,NA,NA
"2461",2017-11-02,NA,NA
"2462",2017-11-02,NA,NA
"2463",2017-11-02,NA,NA
"2464",2017-11-02,NA,NA
"2465",2017-11-02,NA,NA
"2466",2017-11-02,NA,NA
"2467",2017-11-02,NA,NA
"2468",2017-11-02,NA,NA
"2469",2017-11-02,NA,NA
"2470",2017-11-02,NA,NA
"2471",2017-11-02,NA,NA
"2472",2017-11-02,NA,NA
"2473",2017-11-02,NA,NA
"2474",2017-11-02,NA,NA
"2475",2017-11-02,NA,NA
"2476",2017-11-02,NA,NA
"2477",2017-11-02,NA,NA
"2478",2017-11-02,NA,NA
"2479",2017-11-02,NA,NA
"2480",2017-11-02,NA,NA
"2481",2017-11-02,NA,NA
"2482",2017-11-03,NA,NA
"2483",2017-11-03,NA,NA
"2484",2017-11-03,NA,NA
"2485",2017-11-03,NA,NA
"2486",2017-11-03,NA,NA
"2487",2017-11-03,NA,NA
"2488",2017-11-03,NA,NA
"2489",2017-11-03,NA,NA
"2490",2017-11-03,NA,NA
"2491",2017-11-03,NA,NA
"2492",2017-11-03,NA,NA
"2493",2017-11-03,NA,NA
"2494",2017-11-03,NA,NA
"2495",2017-11-03,NA,NA
"2496",2017-11-03,NA,NA
"2497",2017-11-03,NA,NA
"2498",2017-11-03,NA,NA
"2499",2017-11-03,NA,NA
"2500",2017-11-03,NA,NA
"2501",2017-11-03,NA,NA
"2502",2017-11-03,NA,NA
"2503",2017-11-03,NA,NA
"2504",2017-11-03,NA,NA
"2505",2017-11-03,NA,NA
"2506",2017-11-03,NA,NA
"2507",2017-11-04,NA,NA
"2508",2017-11-04,NA,NA
"2509",2017-11-04,NA,NA
"2510",2017-11-04,NA,NA
"2511",2017-11-04,NA,NA
"2512",2017-11-04,NA,NA
"2513",2017-11-04,NA,NA
"2514",2017-11-04,NA,NA
"2515",2017-11-04,NA,NA
"2516",2017-11-04,NA,NA
"2517",2017-11-04,NA,NA
"2518",2017-11-04,NA,NA
"2519",2017-11-04,NA,NA
"2520",2017-11-04,NA,NA
"2521",2017-11-04,NA,NA
"2522",2017-11-04,NA,NA
"2523",2017-11-04,NA,NA
"2524",2017-11-04,NA,NA
"2525",2017-11-04,NA,NA
"2526",2017-11-04,NA,NA
"2527",2017-11-04,NA,NA
"2528",2017-11-04,NA,NA
"2529",2017-11-04,NA,NA
"2530",2017-11-04,NA,NA
"2531",2017-11-04,NA,NA
"2532",2017-11-05,NA,NA
"2533",2017-11-05,NA,NA
"2534",2017-11-05,NA,NA
"2535",2017-11-05,NA,NA
"2536",2017-11-05,NA,NA
"2537",2017-11-05,NA,NA
"2538",2017-11-05,NA,NA
"2539",2017-11-05,NA,NA
"2540",2017-11-05,NA,NA
"2541",2017-11-05,NA,NA
"2542",2017-11-05,NA,NA
"2543",2017-11-05,NA,NA
"2544",2017-11-05,NA,NA
"2545",2017-11-05,NA,NA
"2546",2017-11-05,NA,NA
"2547",2017-11-05,NA,NA
"2548",2017-11-05,NA,NA
"2549",2017-11-05,NA,NA
"2550",2017-11-05,NA,NA
"2551",2017-11-05,NA,NA
"2552",2017-11-05,NA,NA
"2553",2017-11-05,NA,NA
"2554",2017-11-05,NA,NA
"2555",2017-11-05,NA,NA
"2556",2017-11-06,NA,NA
"2557",2017-11-06,NA,NA
"2558",2017-11-06,NA,NA
"2559",2017-11-06,NA,NA
"2560",2017-11-06,NA,NA
"2561",2017-11-06,NA,NA
"2562",2017-11-06,NA,NA
"2563",2017-11-06,NA,NA
"2564",2017-11-06,NA,NA
"2565",2017-11-06,NA,NA
"2566",2017-11-06,NA,NA
"2567",2017-11-06,NA,NA
"2568",2017-11-06,NA,NA
"2569",2017-11-06,NA,NA
"2570",2017-11-06,NA,NA
"2571",2017-11-06,NA,NA
"2572",2017-11-06,NA,NA
"2573",2017-11-06,NA,NA
"2574",2017-11-06,NA,NA
"2575",2017-11-06,NA,NA
"2576",2017-11-06,NA,NA
"2577",2017-11-06,NA,NA
"2578",2017-11-06,NA,NA
"2579",2017-11-06,NA,NA
"2580",2017-11-06,NA,NA
"2581",2017-11-07,NA,NA
"2582",2017-11-07,NA,NA
"2583",2017-11-07,NA,NA
"2584",2017-11-07,NA,NA
"2585",2017-11-07,NA,NA
"2586",2017-11-07,NA,NA
"2587",2017-11-07,NA,NA
"2588",2017-11-07,NA,NA
"2589",2017-11-07,NA,NA
"2590",2017-11-07,NA,NA
"2591",2017-11-07,NA,NA
"2592",2017-11-07,NA,NA
"2593",2017-11-07,NA,NA
"2594",2017-11-07,NA,NA
"2595",2017-11-07,NA,NA
"2596",2017-11-07,NA,NA
"2597",2017-11-07,NA,NA
"2598",2017-11-07,NA,NA
"2599",2017-11-07,NA,NA
"2600",2017-11-07,NA,NA
"2601",2017-11-07,NA,NA
"2602",2017-11-07,NA,NA
"2603",2017-11-07,NA,NA
"2604",2017-11-07,NA,NA
"2605",2017-11-08,NA,NA
"2606",2017-11-08,NA,NA
"2607",2017-11-08,NA,NA
"2608",2017-11-08,NA,NA
"2609",2017-11-08,NA,NA
"2610",2017-11-08,NA,NA
"2611",2017-11-08,NA,NA
"2612",2017-11-08,NA,NA
"2613",2017-11-08,NA,NA
"2614",2017-11-08,NA,NA
"2615",2017-11-08,NA,NA
"2616",2017-11-08,NA,NA
"2617",2017-11-08,NA,NA
"2618",2017-11-08,NA,NA
"2619",2017-11-08,NA,NA
"2620",2017-11-08,NA,NA
"2621",2017-11-08,NA,NA
"2622",2017-11-08,NA,NA
"2623",2017-11-08,NA,NA
"2624",2017-11-08,NA,NA
"2625",2017-11-08,NA,NA
"2626",2017-11-08,NA,NA
"2627",2017-11-08,NA,NA
"2628",2017-11-08,NA,NA
"2629",2017-11-08,NA,NA
"2630",2017-11-09,NA,NA
"2631",2017-11-09,NA,NA
"2632",2017-11-09,NA,NA
"2633",2017-11-09,NA,NA
"2634",2017-11-09,NA,NA
"2635",2017-11-09,NA,NA
"2636",2017-11-09,NA,NA
"2637",2017-11-09,NA,NA
"2638",2017-11-09,NA,NA
"2639",2017-11-09,NA,NA
"2640",2017-11-09,NA,NA
"2641",2017-11-09,NA,NA
"2642",2017-11-09,NA,NA
"2643",2017-11-09,NA,NA
"2644",2017-11-09,NA,NA
"2645",2017-11-09,NA,NA
"2646",2017-11-09,NA,NA
"2647",2017-11-09,NA,NA
"2648",2017-11-09,NA,NA
"2649",2017-11-09,NA,NA
"2650",2017-11-09,NA,NA
"2651",2017-11-09,NA,NA
"2652",2017-11-09,NA,NA
"2653",2017-11-09,NA,NA
"2654",2017-11-09,NA,NA
"2655",2017-11-10,NA,NA
"2656",2017-11-10,NA,NA
"2657",2017-11-10,NA,NA
"2658",2017-11-10,NA,NA
"2659",2017-11-10,NA,NA
"2660",2017-11-10,NA,NA
"2661",2017-11-10,NA,NA
"2662",2017-11-10,0.15494,0.0241
"2663",2017-11-11,0.1319,0.0122
"2664",2017-11-11,0.15525,0.0018
"2665",2017-11-11,0.16019,0.0012
"2666",2017-11-11,0.1595,0.0021
"2667",2017-11-11,0.15455,0.0035
"2668",2017-11-11,0.13456,0.0039
"2669",2017-11-12,NA,NA
"2670",2017-11-12,0.13943,0.0169
"2671",2017-11-12,0.15192,0.0103
"2672",2017-11-12,0.16282,0.0016
"2673",2017-11-12,0.14496,0.0054
"2674",2017-11-12,0.12507,0.0065
"2675",2017-11-13,0.12514,0.0142
"2676",2017-11-13,0.15393,0.0039
"2677",2017-11-13,0.16154,0.0011
"2678",2017-11-13,0.15802,0.0033
"2679",2017-11-13,0.1459,0.0037
"2680",2017-11-13,0.11743,0.0048
"2681",2017-11-14,NA,NA
"2682",2017-11-14,0.1298,0.0128
"2683",2017-11-14,0.15821,0.0042
"2684",2017-11-14,0.16614,0.0013
"2685",2017-11-14,0.16675,0.0015
"2686",2017-11-14,0.15817,0.0035
"2687",2017-11-14,0.13834,0.0044
"2688",2017-11-14,0.1025,0.0209
"2689",2017-11-15,0.1293,0.016
"2690",2017-11-15,0.16376,0.0042
"2691",2017-11-15,0.17403,9e-04
"2692",2017-11-15,0.17518,0.0015
"2693",2017-11-15,0.167,0.0035
"2694",2017-11-15,0.14351,0.0051
"2695",2017-11-15,0.10594,0.0194
"2696",2017-11-16,NA,NA
"2697",2017-11-16,0.10289,0.0155
"2698",2017-11-16,0.14826,0.0077
"2699",2017-11-16,0.1625,8e-04
"2700",2017-11-16,0.16144,0.002
"2701",2017-11-16,0.14894,0.0052
"2702",2017-11-16,0.12021,0.0068
"2703",2017-11-17,0.11636,0.018
"2704",2017-11-17,0.1588,0.0046
"2705",2017-11-17,0.17142,0.0025
"2706",2017-11-18,0.13281,0.0165
"2707",2017-11-18,0.17084,0.0054
"2708",2017-11-18,0.1801,0.0012
"2709",2017-11-18,0.1801,0.0019
"2710",2017-11-18,0.17128,0.0038
"2711",2017-11-18,0.14809,0.0045
"2712",2017-11-18,0.11135,0.0199
"2713",2017-11-19,0.10356,0.0061
"2714",2017-11-19,0.13334,0.0094
"2715",2017-11-19,0.17133,0.0131
"2716",2017-11-19,0.16933,0.0072
"2717",2017-11-19,0.15787,0.0034
"2718",2017-11-19,0.11801,0.0216
"2719",2017-11-20,NA,NA
"2720",2017-11-20,0.12475,0.0162
"2721",2017-11-20,0.16405,0.0053
"2722",2017-11-20,0.17538,9e-04
"2723",2017-11-20,0.17438,0.0025
"2724",2017-11-20,0.16311,0.0043
"2725",2017-11-20,0.13798,0.0046
"2726",2017-11-20,0.10422,0.0178
"2727",2017-11-21,0.13907,0.0191
"2728",2017-11-21,0.15665,0.0048
"2729",2017-11-21,0.12907,0.0056
"2730",2017-11-22,NA,NA
"2731",2017-11-22,0.12403,0.0162
"2732",2017-11-22,0.15979,0.003
"2733",2017-11-22,0.16912,0.006
"2734",2017-11-22,0.15372,0.009
"2735",2017-11-22,0.14131,0.0046
"2736",2017-11-22,0.1385,0.0025
"2737",2017-11-22,0.1084,0.0191
"2738",2017-11-23,0.16045,0.0107
"2739",2017-11-23,0.17629,0.0012
"2740",2017-11-23,0.16708,0.0042
"2741",2017-11-23,0.16276,0.0034
"2742",2017-11-23,0.14456,0.0055
"2743",2017-11-23,0.10675,0.0181
"2744",2017-11-24,NA,NA
"2745",2017-11-24,0.12137,0.0177
"2746",2017-11-24,0.16273,0.0057
"2747",2017-11-24,0.17355,7e-04
"2748",2017-11-24,0.17398,0.0019
"2749",2017-11-24,0.16081,0.0056
"2750",2017-11-24,0.14207,0.0092
"2751",2017-11-24,0.10989,0.0149
"2752",2017-11-25,0.10364,0.0016
"2753",2017-11-25,0.11299,0.0081
"2754",2017-11-25,0.14038,0.0094
"2755",2017-11-25,0.11619,0.0145
"2756",2017-11-26,NA,NA
"2757",2017-11-26,0.12599,0.0189
"2758",2017-11-26,0.1715,0.0052
"2759",2017-11-26,0.18067,6e-04
"2760",2017-11-26,0.18172,0.001
"2761",2017-11-26,0.17409,0.0037
"2762",2017-11-26,0.14782,0.0052
"2763",2017-11-26,0.11021,0.0218
"2764",2017-11-27,0.13053,0.0063
"2765",2017-11-27,0.15147,0.006
"2766",2017-11-27,0.17132,0.0048
"2767",2017-11-27,0.16048,0.0063
"2768",2017-11-27,0.12919,0.009
"2769",2017-11-28,NA,NA
"2770",2017-11-28,0.11316,0.0146
"2771",2017-11-28,0.15021,0.006
"2772",2017-11-28,0.16243,0.0012
"2773",2017-11-28,0.15233,0.0056
"2774",2017-11-28,0.11794,0.0069
"2775",2017-11-29,0.11625,0.0218
"2776",2017-11-29,0.15514,0.0062
"2777",2017-11-29,0.16531,0.0082
"2778",2017-11-29,0.13559,0.0226
"2779",2017-11-30,NA,NA
